user_id,name,email,age
54833407-3d0f-400d-9667-d5a0129f2356,Norma Fisher,tammy76@example.com,79
f9c3552b-bed1-47c9-8b79-bcb15027c09d,Steven Robinson,juancampos@example.net,120
14c6502b-4263-4630-a8de-a1b253c2a123,Theodore Mcgrath,kyleblair@example.net,60
1b0c66ad-349a-4177-9375-29a5f5345ca6,Brian Hamilton,tammywoods@example.net,51
8422b8ac-bbf2-4dbf-afaa-0a0a96637a45,Thomas Moon,cortezraymond@example.net,98
23112d60-515c-46af-96c8-7f08a4ebdaae,Johnny Dillon,jessicapadilla@example.org,42
dcf233f3-3cff-4048-8681-4bbdd8dda656,Connie Pratt,lindawest@example.org,58
c1e99336-72e1-475e-83ab-f5fb5ce00dfc,Yolanda Burns,andrea18@example.com,87
74084a0e-0764-4023-92f0-dae3ea5575bb,Robert Payne,sean96@example.com,91
ab36a512-71b0-4845-a343-bce15abc0bfc,Clinton Underwood,salazardiane@example.com,26
dfe2e06b-bfaf-4d41-9f69-c0def4ec323a,Peter Mcdowell,kirbyrachael@example.net,105
094bb88b-af37-450e-a482-91a1c67edac9,Michael Hill,melissajacobson@example.net,71
ce0d5e83-3275-41ac-a889-720c4de85271,Joanne Keller,christopher91@example.com,93
a26990e2-ec8f-4775-9ff8-a6a921406bfb,Sarah Sanchez,dave35@example.org,60
6101a9e2-cd79-46ab-b85a-4746f46f9c82,Antonio Logan,brandonberry@example.net,95
b609677c-72b4-4114-b46e-35f83574aa5e,Alyssa Reid,myersmitchell@example.org,22
82adf8da-b6d8-435d-b8d4-f95eaf6c0376,Chloe Arellano,mendozajessica@example.org,104
6beb1032-d2a7-444c-8f60-257b56d1d709,Jeffery Garcia,chad14@example.com,73
73809579-fb34-44fd-8f03-8704a8847e2d,Jonathan Williams,lyonspeter@example.com,63
d299126e-40d2-406c-b62f-5b638f8bb704,Julie Barrera,heidiharris@example.org,118
5e223670-1444-4a23-925e-dc85bfbecce3,Sarah Peterson,david72@example.org,78
c589a306-461e-498d-9a80-0470865a66ef,Stephanie Golden,deborah64@example.org,89
c2abe4f7-b062-46f3-9156-2230e26ba886,Judith Miller,stephensdennis@example.com,63
6ba67bdf-d38c-46c5-8507-8cd26be37f2a,Megan Garza,jenniferhughes@example.com,101
f7e8dfaf-5af1-4bdb-9d22-d9d53725707e,Kristopher Hale,johnwalsh@example.com,108
11fec96d-32eb-4792-bcdc-e9c56f4316eb,Laura Perry,ksavage@example.com,116
957b5041-a529-4785-95a8-bd6d1edfef7f,Amber Griffin,jacqueline78@example.com,89
24dfaa76-fc7d-4875-9a1f-a82afa9c264d,April Williams,larry70@example.com,42
b145683b-cfe1-4c4c-a43b-13cf2474f823,Tonya Irwin,valeriemorales@example.net,71
1d995ccd-c4b8-4f4f-95fc-a583b376ff6d,Daniel Love,bairdemma@example.net,30
8ebe8288-59ba-4e0f-81e2-d5fd8054f0a9,Lee Gonzalez,joshua21@example.com,68
10af4f93-6f9f-46f6-bf2a-dcb67668021d,Alison Sloan,callahandennis@example.net,101
82f4942e-ba79-49c4-8aec-f6fbd91f3a7a,Ashley Moore,williamsjamie@example.com,89
eb8e7208-9cbe-4874-9583-71991a1eeae2,Jacob Bradley,mathissusan@example.net,101
8881face-4aa2-406b-8802-fa2ef23ff0d3,Mathew Ellis MD,jaredmatthews@example.org,35
2b765b50-ecfb-4d5e-bcee-cae89cfa2792,Gavin Clarke,morganchristine@example.org,52
1860a519-e6b0-48f3-8f27-0e125642262b,William Roberts,ihays@example.com,32
4bca69cf-4b24-4e8a-b0cd-d285a2d26acc,David Williams,melodychandler@example.com,69
ba3d63f8-8bc6-4899-a698-20368f0accb1,Elizabeth Rodriguez,zwells@example.com,33
67d934fb-0baa-41e7-9795-83baea0fbb95,Michael Simmons,matthew22@example.net,90
42c75f2d-774d-4626-9c61-a37f84823fa3,William Fowler,mortonjames@example.org,25
4b3e0c30-965b-4a75-bc7c-a66da2d8a210,Brent Hawkins,shane79@example.net,104
bcc0a37c-802c-4cbb-a314-e71cab5ae2f4,Bradley Robinson,brenda26@example.org,63
cab08aa6-987c-4ff5-b802-006ff5996e3e,Rodney Farrell,leachshannon@example.net,43
93f9a9e5-3613-43e3-8a88-5741079f165d,James Clark,shealaura@example.net,36
600f7390-fddb-4016-880f-572739c50f64,Jimmy Ward,danielcarlson@example.com,36
c7f4c0ab-9123-4a35-9952-a6e12e4fdbf4,Margaret Henderson,ushelton@example.com,81
8f096b74-3485-40d6-95e4-3606838fe412,Shelly Daniels,alecthornton@example.net,58
98c8bd0b-6d9c-427e-9c0a-30109cfd573f,Amanda Hernandez,carrie26@example.net,55
151c28ec-fc13-4240-bc3f-ebea298b3e53,Renee Jones,blackruth@example.org,46
f65705ba-0731-4b64-9223-b06d3420cb06,Eric Blake,krivera@example.org,101
a50963e5-33fe-4a6e-a80f-7b7137f35ef1,Jacob Reyes,berryerika@example.net,115
6d26a985-0846-4e97-8754-fe8fec66731a,Angela Simmons,keithsantana@example.com,79
2adb532a-2940-4c8e-8056-5eee8ccb8910,Valerie Lawson,melissayates@example.net,18
cdc01dd6-e738-4bca-93e7-330d90200721,Elizabeth Hudson,cameron44@example.com,67
ad1aca74-2ec0-408d-9ebf-36a1d849ab02,Amy Davidson,johnblair@example.com,25
1be4f886-a313-4661-8097-a68f9053e150,Karen Thomas,nunezedward@example.com,70
01733d18-2d20-4f7b-82fa-b91a067557a9,John Ellis,ruizedward@example.org,94
87776ca8-adbe-4e37-bf8c-2eebb9f7f440,Lorraine Garcia,james71@example.org,96
8de8a8fd-2c4f-4668-9751-1f31a1643cf2,Lisa Peck,montesjennifer@example.com,118
d243626c-9bb9-4d77-8876-0dea273266f4,Tina Hughes,sabrina18@example.org,22
827d2883-5ec7-4fe0-a0f4-af79399ee48e,Jill Sherman,okelly@example.org,23
8918d6a3-8a94-4aa0-a305-caae761374db,Amanda Scott,duffyelizabeth@example.net,45
9522523a-0a8d-4331-8175-94ba8c1998ec,Ricardo Wilkerson,hhunter@example.org,72
fef690d7-772a-4114-828d-d79a43933259,Jennifer Miller,perrycory@example.org,111
40dcacf5-487e-41d6-a75a-fdee2ff50a8d,Raven Jordan,ujohnson@example.net,50
8141b9e7-b427-492a-82f0-2050eeffeef6,Benjamin Howard,reedgregory@example.org,64
b8547b7d-e897-42c2-a88e-dc3f3013e1ed,Steven Clark,donnadennis@example.org,113
e39505c1-6e38-4c56-884d-85cb4a3fccd4,Jacob Johnson,michelelopez@example.org,79
616f781e-2dbe-4e5a-b613-369b05e2f8b5,Tyler Anderson,michaelkennedy@example.com,55
ea6b9340-8814-40b0-a8cf-98feb1e2905b,Tina Fields,brittanymiller@example.net,92
bd4ec0f2-6b5d-4f7a-b650-9acbb17c3349,James Thomas,lindastewart@example.org,48
e9b8e8fe-d992-4c50-ab98-189db2a7f882,Donna Barnes,callahancarolyn@example.com,27
1e3b5bcc-1dc3-4383-ab5e-d3c15e33d5e5,Bonnie Evans,jyang@example.net,72
a387497f-f859-4b07-84c5-822281db70de,Henry Wright,dana80@example.com,70
218965fd-a9aa-4cf4-9ca1-88e5c07f4f46,Victor Valenzuela,sharris@example.com,29
344fbc39-e868-49e0-a5bb-221f4c4703d1,Rebecca Hill,lauragriffin@example.com,41
eb6ac0f0-0156-4753-80cb-e84a1f8acfa5,Jessica Wright,hpeterson@example.org,63
2575ad8c-43f3-4467-9398-01613f16d190,Mark Webb,kennethgreer@example.com,97
7f04eaeb-0b27-45e9-a6a5-fe993671bedc,Daniel Wilson,amy26@example.net,114
416236ea-fc11-44ba-8e16-4cb6ccc7425b,Michael Wolf,amysullivan@example.net,20
7b3a0e67-d017-47b5-9193-dfeee0df11a0,Stephen Williams,raymond96@example.com,31
2b612629-4339-473f-bd23-84cc38d49598,Heather Savage,caitlinjohnson@example.com,57
5d56a5a3-ad62-4369-a4e2-e5680004e515,Bailey Villarreal,carloscallahan@example.com,84
732f9aa1-c207-4dc9-8a80-86fecbc3d777,Joseph Clark,jenkinscynthia@example.com,112
21a34a42-52cf-419b-b6eb-c8cf0e06b92c,Rachel Carter,ashley22@example.org,107
7e3c8140-2777-427e-b215-197125376950,James Mcdonald,michael76@example.org,79
bd100ee8-dc9d-4ffb-a292-6c237fd0a4d9,Jonathan Vasquez DVM,vevans@example.com,24
6f4d6a43-8d2b-47b5-9956-f7972c0031c2,Cindy Kelly,aoneal@example.net,26
45aad25e-e374-4727-84e9-a1f25d1a5567,Angela Avery,csmith@example.org,97
f50f2e28-7753-4c89-971b-13624d56f386,Devin Bowman,jessica32@example.net,54
79d7245c-a0f7-4517-aa15-72788c5c7a12,Jeffrey Moran,ajackson@example.net,105
e4ef0b32-0c34-49b0-bbc1-e3d527927956,Jermaine Fletcher,david27@example.com,119
0d001c6d-d767-49cd-9619-594e5b923294,Mrs. Katherine Blair,scottharris@example.net,24
f45157ea-86b2-40be-9b5e-9a18a2832630,Amanda Schultz,michaelpaul@example.net,40
79f9b85b-7f07-498f-a79e-e4ec05dbeb3f,Edward Miller,kelsey56@example.com,24
4131823f-18ce-48bf-9e23-8b6161f9af49,Kelli Huber,fcarpenter@example.com,108
de76b574-4f8f-4af2-bb52-d87fc6790d5e,George Williams,martinadam@example.net,18
b350e1f2-656b-4ed5-8431-7db2ddd1efdd,Richard Becker,ogrant@example.com,42
7ea824de-df41-4198-a5b3-d8b01b1f9ea8,Brian Andrade,marcus75@example.com,21
58bd079d-d3b4-4816-923d-2713fc5e08fb,Cheryl Miller,jacob34@example.net,111
91a962b1-d404-4628-adfd-acffefaedddd,Emily Heath,timothy30@example.com,88
b16ddaec-f811-4b30-81ac-e0f7a030e90c,Joel Hardy,starkrobert@example.com,76
1ca6df77-a6d5-4f38-83d5-1a84ad1eea6c,Bradley Allen,robertcalhoun@example.com,96
e1399cc2-8eca-4bd7-91a2-8266d6aca7c9,Jeffery Fischer,lwilliams@example.org,80
389015d9-4cd8-4b27-8199-dbafb3b8ddc2,Ryan Ramirez,luis61@example.net,54
00ce1e7b-6ea1-4c99-bcb9-57d1a042196a,Rachel Dawson,dpalmer@example.net,99
ccffbc22-7561-4e86-b69e-6c0d70b7e8cb,David Wilson,thompsonrobert@example.org,54
54a30ad9-e301-4d2f-ac3e-23eef6c0781f,Yolanda Smith,htrevino@example.com,100
59108aac-ef7a-4b59-b70c-c4c3c821e8fa,Wesley Cunningham,emilywarner@example.net,54
99f1053a-a92a-40db-93a3-89c0686aee4a,Ronnie Allen,emily35@example.net,79
645e52c5-3f8b-46e1-b421-3065b52551f0,Christopher Pacheco,michael02@example.com,37
cf205d54-e64c-4276-966c-15dab3e1d672,Kayla Jones,kimberlyhampton@example.net,116
4bc12487-fc38-4b25-9c12-31fc77674d75,Cindy Oconnor,kathleengomez@example.net,34
1aae0bab-0b9d-4f8e-b18f-1aff0c2c45be,Stephanie Rodriguez,foxmichael@example.com,57
4ac6b8e0-2517-4b63-b8b7-e23e2562cee9,Daniel Delgado,vlamb@example.com,87
367fc58a-c984-40c7-8398-2adfc92ed17a,Ryan Green,uwarner@example.com,67
fed7c662-14a1-4e7b-b7b8-51e6fb161347,Christine Edwards,matthewalexander@example.net,102
013f4e40-a44b-4c3e-a653-c106797f0332,Debbie Powers,andre98@example.org,111
b095fe5e-f6ed-4672-b70e-405e2a151917,Heather Henry,johnsonbrady@example.org,101
0b049d13-ba3e-4374-bd9b-4f0a5e179f9b,Roberto Cooper,ntaylor@example.com,73
50a46032-2ea8-482d-9320-0bf202379668,Eric Banks,areyes@example.com,86
b06a8452-0816-43ec-8084-5ffd17589c23,Nancy Parks,kmalone@example.org,70
ce8b42ea-b68a-4b24-a267-594b692fa973,Carolyn Mason,christopheryoung@example.org,49
5676f02a-e27e-46ad-a80d-2bc820f11e77,Tina Kemp,jennifersimmons@example.net,31
b39f5531-425d-40b8-816d-a21514bd278f,Judith Hernandez,kinglinda@example.net,66
89cba968-7a46-496b-8420-0e0ea1e8171f,Timothy Johnson,howardemily@example.com,48
fbc6dde0-729b-4e85-9384-c93b7e539192,Carla Mullins,joseph76@example.org,57
9ac7c044-3dc3-4b47-a870-ade7b6dddcdc,Donna Harrison,mejiaashley@example.com,105
3da3f3eb-1094-4cee-b780-f04b200da4ef,James Wilson,tyler04@example.net,22
3d036068-cdc8-4a1a-8fd3-1092fd05d939,Michael Park,wanda38@example.net,61
4f6953b0-4972-4f25-b739-a4cff86f5e0d,Ruben King,knightmark@example.org,93
06d23b49-6c99-4ea3-8125-5ed58ce6618c,Kim Hutchinson,sabrinalam@example.com,113
db8483c5-4b9e-47f9-9bc4-728d88767c00,Lauren Williams,stephaniecox@example.net,55
1b03302e-0c1e-4db6-b61a-fa90dc630159,Richard Burke,aarontaylor@example.org,74
91747cd6-f2e4-4f80-95a7-71b3d3123452,Timothy Fry,qbrowning@example.net,117
c20b974c-647f-4021-83de-cd14b06b0a9b,Logan Jones,lramirez@example.net,39
a1ab8c7c-eeb2-435e-98c3-472953908e41,Mark Riley,rfischer@example.com,54
9dad71b7-4bd7-4cc7-9984-ab6ad600b59d,Richard Weiss,sophia88@example.net,58
a73fe998-124a-4336-92ee-93062c68d04b,Cheryl Patton PhD,bradyeric@example.net,107
a766bcce-735d-4431-ae9f-78efc219eef5,Kristine Ward,hoffmanrobert@example.net,120
16e80880-2c37-4c21-8217-5970fa1b2c58,Crystal Smith,erinmccoy@example.net,107
1e7fdee1-abfa-4f82-b6be-9c28b1330e42,Nicholas Wright PhD,jacob61@example.net,75
9f34fe5d-281c-4efc-b125-0efa8b5c9f5d,Miguel Shields,rubiofrank@example.org,72
82399305-6f25-4aad-8c89-591326c1f9dc,Teresa King,chelsea14@example.org,81
c976b141-d501-4ec5-a646-88e108ba3d13,David Farmer,ograham@example.net,104
8866a81f-7226-43ea-a95d-b3f68c924a09,Spencer Johnson,kgomez@example.org,90
3f4605c0-fdea-436d-9c0f-16f878628eec,Erin Johnson,imccall@example.org,28
7728e087-9512-4ec5-9cfb-454f35be5fee,Hannah Smith,jenniferpowers@example.com,23
da8e52d2-0dbd-4c0d-8559-3ccb083ae243,Ryan Best,edwardsrebecca@example.net,53
14177843-87a5-4b78-8600-db0db8d956ec,Charles Hernandez,william22@example.org,79
a66d2eba-e07d-4701-82c1-ccde82b488ba,Michelle Cummings,colonhayley@example.net,98
b87d0a0a-74de-456b-9366-6472399a30cb,Christopher Mcbride,millergreg@example.com,43
4437da3f-195e-4982-badb-bd86d7a6cb5e,Erin Erickson,zachary72@example.com,88
850c0def-40b3-48a7-9ce0-1d6ae4b9cfb4,Mark Thompson,huangleslie@example.org,42
9c1749ac-1941-4751-88b7-cd105ab1ad3f,Joyce Allen,tboyd@example.com,101
7c163bcd-cf0f-450a-aef7-6d45824f2dcb,Raymond Brown,hoovermatthew@example.org,31
cb7c963e-d8da-4c25-a74d-1f2c12c897d3,Harold Hayes,ohunt@example.org,35
8aecb54a-70e6-4dae-be2a-2b0f4812f32e,Alexander Gross,morgancathy@example.org,70
4d07d1b6-754c-4605-8bb8-cd8d817489bf,Melissa Robles,burkelaura@example.org,63
fb9fb25d-953d-4b4e-af32-64fb3845e740,Tammy Russell,nkelly@example.com,104
53b900f1-508a-4e92-962d-2af886f92c1a,Samuel Chavez,anthonylang@example.org,67
4fc4dc53-32c1-4d97-b021-aeecc1648a81,Brent Johnson,thompsonchristina@example.net,19
2358cb34-aa38-4baf-8799-c9b1cf930430,Richard Reese,dalvarez@example.net,69
65ca3cdc-890b-43a7-a0f3-36dafbcd095d,Shannon Baker,copelandchristopher@example.com,30
197ff23d-797a-4ce8-a86b-5cb8d0b0278c,Andrew Stout,susan06@example.com,38
e89c8b96-a740-40d0-834c-e59ec1f38afd,Melissa Martin,daniellesanchez@example.net,60
ed26923e-ebd9-4932-983e-aade404fbb38,Karen Barron,pwilliams@example.net,54
dfde798f-bc61-480a-a056-eb874f49109d,Vincent Bell,natalieford@example.net,35
fd0e1be8-6e6f-4b8a-a0d7-d5af70710add,Randy Martin,mcdanieljennifer@example.org,37
247d5932-69da-4c33-b907-38342575b1af,Roger Hicks,williamssara@example.net,96
ea98c2ed-aa19-4692-a5a9-fc34df3a2253,Christian Buchanan,barnesashley@example.net,60
637795ec-7eee-474e-beca-a7383947f2d9,Tammy Cox,amandajones@example.com,90
ecb3ad61-8424-4d95-a49f-27c3c61d263c,Tracy Reynolds,ysanchez@example.org,68
c7df2972-56b0-43da-af9e-7bac3f0e8fbe,John Knapp,houstonwhitney@example.net,65
aaa193d3-51b0-4868-a238-1595eeef578d,Lindsey Chan,joshuacarr@example.com,98
8aed0e53-4562-4bb2-9ca6-d03b2fb43702,Shawn Williams,ajohnson@example.net,68
f750edd6-4a35-45be-ae2c-8425a313af5a,Brian Murray,vmartin@example.com,70
62c8bfcd-6aac-47d4-9dd1-ca6a2e43ac2f,Thomas Hancock,mahoneymichael@example.net,63
d24705a2-deff-46c2-8cdf-47c07d41e5a6,Lorraine Molina,nataliescott@example.net,92
bb424412-1bc6-4203-98ca-b24ad7b22a8a,James Williams,ajohnson@example.com,66
9ed34d5d-7739-4cd8-ab82-823a65926d39,Hannah Anderson,gabriel69@example.com,77
c25d3db1-5206-46f4-971d-5e75be580a1d,Michael Becker,jgardner@example.org,39
c0ee4e84-ba68-4d71-ab03-7da075474db4,Christopher Johnson,lorikelly@example.net,112
57340b94-e5f4-424e-b90a-e13982d89b08,Ricky Sutton,qayala@example.org,61
fed3444c-61a7-4651-83b9-8ebc83544cda,Tracy Patel,rhondarollins@example.net,89
79d340ac-c0d1-449e-a9db-84131765dc32,Spencer Riddle,peter78@example.com,70
bcc95584-9537-4f47-8e16-aea77928b42e,Robin Vega MD,silvacynthia@example.net,31
6a6c5c77-d56d-4768-88d5-d3a9f7881f9d,Maria Harris,adamsjessica@example.org,66
61f0f6ae-c4cb-4b06-b9c4-0720f71f31ce,Andrew Wilson,lisa75@example.org,104
147f8dfe-6814-4fed-833d-1da6f29505e9,Kevin King,oburnett@example.org,89
2896d450-4e75-4dd8-bd33-94de17fe9635,Stephanie Deleon,anthonyday@example.org,84
60910c3d-f983-488a-be6c-49146b5e5b8b,Matthew Kim,lbaker@example.org,67
aa306e04-39a6-4c58-9a9a-514e295c956b,Jeremy Brown,fnoble@example.net,93
c42dfe52-b0fb-479b-beb2-803e8607dd5b,David Marks,castillocristian@example.net,80
5d47b086-a70f-48bf-b23d-22d7646665d4,Jennifer Baker,ambermoore@example.net,36
26d507c9-a848-4508-8b5e-e056c4cab133,Victor Mendoza,qhawkins@example.com,47
6a3daaa0-f0ba-4286-a7a3-120774224931,Elizabeth Ward,taylormichelle@example.net,35
19f57dce-9a72-4747-977b-e69675240c2f,Christina Johnson,wgrant@example.net,80
97a8149b-a1ce-4065-a831-4da2a9aa0afb,Ashley Kennedy,nancy51@example.net,18
695884f9-db8a-4bd1-8dea-5f1539dcd653,Jonathan Joyce,jeffrey75@example.net,61
a6db9eb1-a8be-4e62-aec2-05714dd86c66,Eric Henderson,tamara23@example.com,43
594dd046-70e2-4e96-bd30-d4a53412115c,Karen Gilmore,justin92@example.org,69
fb055cdd-79a9-46ad-a4da-799cba9c3640,Sean Perez,crystal56@example.com,63
aae35289-27ac-4601-aa5a-daaafeeafe27,Pamela Klein,michelle74@example.org,75
e1c21765-8a8a-4c4b-b3ed-264359c06509,Timothy Paul,victor16@example.com,77
3307da59-3bd9-4028-9a70-b5acd81ba551,Veronica Bray,emmashaw@example.com,47
ed13548b-b432-4bbb-a400-13056ed4fc6f,Michael Davis,phillip36@example.org,91
0fd7f8ef-0fd6-40b7-a0a4-1ba5c927ef1c,Jennifer Baker,gregory25@example.org,47
474e04f8-4576-412a-a8a9-9375fe0883b9,Aimee Nichols,darrenjacobs@example.org,28
c13b57a5-62b1-4d02-9c58-bdb5b5edc727,Christina Smith,ljones@example.org,47
7229172e-8b9e-40cd-bd3b-42546ac1a8f0,Janet Aguirre,wclark@example.org,96
6a55c1cc-93dd-4574-8ee1-917e251780c2,Alyssa Reed,margaret72@example.net,84
1f827759-42c6-4809-baff-41adcefcb34f,Tony Espinoza,andrew29@example.net,35
378bd9aa-f2ff-4527-ba34-6f1fe9900a56,Kenneth Keller,robertmason@example.net,31
f46a9cb8-61d8-4df0-ade2-28204f603564,Karen Hicks,dharrison@example.net,61
37c51a56-c818-44c8-b77f-b737ce5efb2a,David Miller,lori37@example.org,62
c4d8338f-b030-40cd-97a1-79f49489d793,Dr. Alexander Cummings,transusan@example.com,46
842e22c2-cc9e-488f-82a1-7b829e977d6a,David Alvarez,scottward@example.com,94
2b8ed7ce-dd87-4322-b07c-f22c9fb09d06,Brittany Decker,lopezsarah@example.net,104
fb9fd749-7150-4f79-b51d-e052c4291bb7,Anthony Cooper,molly27@example.com,104
1447f9bb-f549-4ffe-bf5a-714af4bb4d26,Jon Jackson,cobblaurie@example.com,115
1155e3e6-b1a2-4fe4-bc7c-5a50bff28d99,Kelly Ramsey,aprildaniels@example.net,92
398bf7a2-56ea-4ddc-90d6-e408bc92d327,Mark Williamson,carlyjohnson@example.com,95
bcef0486-b5b7-4bc9-9101-175b605322ce,Kristi Gonzalez,brownjohn@example.net,96
b147772c-3af8-4547-9923-b730effc27dc,Michael Atkins,omiddleton@example.com,105
5d6af861-441e-4e4d-9624-253447bb5832,Michael Martin,jennifer67@example.net,58
699498e3-0bbe-4cf1-84fb-abf255058bae,Julie Thomas,waltonstephanie@example.com,77
0c9eeaa7-0a34-4982-b74f-6e422eaf109e,Christine Richardson,smithjared@example.com,92
4650a146-8056-441a-aefa-174e2df65b54,Rachel Fernandez,yuelizabeth@example.net,100
33c55b2b-5447-4713-a840-5be4896b333e,Elizabeth Stephens,millertara@example.com,114
80a31600-f27e-42c1-ad60-91fa48ba3af2,Jason Todd,christopher03@example.net,21
85ed1991-1f09-46bd-9a77-11d6e2bae699,Tina Richardson,lgreen@example.com,53
5f1997df-6ec3-4c20-ac3f-e7f0dda53acb,Veronica Reyes,jeremy94@example.org,23
2444dc81-8636-43dc-8265-576f1d8b6a8e,Mark Elliott,mosesalison@example.com,58
1b1f5b82-e520-4792-ac16-d49c6ec8ffef,Shane Wilson,kathleenmcclure@example.org,108
2007e19c-6745-459c-8917-a9321546a0dd,Andres Nelson,swilson@example.com,96
385aca8d-745b-4070-b86b-658f6192cc6d,Chelsey Summers,morganandrea@example.org,81
4bf78434-91c6-474e-9303-693c2529f2e2,Mandy Scott,mauricecarney@example.net,89
31648c7a-c973-4ad9-97c2-376c3b6ac03e,Richard Jones,meyermichelle@example.net,34
745acf57-df6b-4b80-a159-f747eefe8779,Mr. Richard Reed,wendysteele@example.org,69
5664802e-ea29-401c-abd8-b7c6621d2c52,Michael Gonzales,josephkaufman@example.com,88
cefada0e-9b40-434f-950d-f64dd3b2eb74,Cindy Clayton,joshuabeck@example.org,28
cdb9401f-12ed-4535-9651-8dd894d26bb9,Erin Brennan,austin90@example.com,120
8d252d65-ee82-4582-89f3-877d68bd4f9e,Michael Werner,michelle16@example.net,86
848dadaa-293a-4a17-bcac-55106820c37d,Barbara Watkins,lbarajas@example.com,48
05164585-bb63-4798-ac71-41886548e16b,Megan Mitchell,houstondanielle@example.com,27
79350d85-66f6-4a07-9901-73cdaa431790,Mary Stewart,brandon38@example.org,51
54b90fe2-f2c2-4c32-b8d7-128f1a0233cf,Rachel Barnes,jonedwards@example.net,80
ebb1beaa-59c1-4b10-aabb-02a7bf56909e,Michelle Henderson,abigailhall@example.com,67
85bb4c3d-d25b-4857-a032-aa269f04020e,Brad Garcia,rebeccahorne@example.org,114
86019c51-58a9-4183-b94d-f2f93500bde3,Jason Rose,zcampbell@example.com,78
f0b9d13e-6322-4fff-be0f-a7ec835c86f9,Tammy Martin,james23@example.com,118
8d4d561f-5dc5-4d60-8a7a-17d17333e85d,Juan Wright,whitemichelle@example.net,71
1c1aa5fd-9e17-44af-a293-e0eabe80b14f,Michele Moore,nicoleperkins@example.org,113
4dea4b0e-7048-4ac0-837c-76a5ca1faf03,William Evans,bowenkristy@example.org,25
e2ed99a8-93ae-4236-a9a1-db468049cde6,James Hughes,fferguson@example.org,34
602d376e-4610-4910-b104-570ccc751598,Kim Nolan,smithjulie@example.org,113
5b6330ed-30f6-416f-9b87-fd8a76e51b47,Michael Rollins,dorothy41@example.org,93
1d564f9f-4a7f-454a-a6ed-4cb16fd5590d,Daniel Williams,dixoncarl@example.com,49
c02bae82-9072-4956-baf4-60cb1a0175d2,Richard Juarez,carolbeard@example.com,19
c0c753b0-a9b4-4020-b6a2-9730f1f85831,Heather Howard,warren42@example.org,79
e490fc61-da7c-4179-a4f0-1e17a7f01413,Taylor Foley,tmorgan@example.com,35
bb2c3652-d6e6-4bf2-85cd-6883f95dd4b9,Edward Stokes,michael96@example.com,92
88e520b5-c71c-4074-b699-e63e63cf9158,Steven Evans,jacobrobinson@example.net,39
81ebea49-4f99-4e85-a4ef-cf012ad1111c,Rhonda Holmes,qstark@example.com,56
af1a761f-21ad-4cec-84cd-bc04aa86119a,Matthew Williams,tammyellis@example.org,20
529758a4-5563-430e-a65e-2d48463aacee,Brian Scott,petersenjay@example.org,97
ce719c5a-8c7b-4ff9-b656-64a1bc5d65f6,Vincent Ward,albert00@example.net,39
e2287aae-2680-4136-966e-8e0e6d99a6e9,Emily Short,vmorrow@example.com,63
4d1e9192-65c3-4270-ae41-2465a1b914fd,Jeffrey Wilson,tatealexis@example.net,52
a7b6fa25-cf50-4f89-9ece-19ae6906a759,Daniel Mccall,luisflynn@example.com,102
52c18d62-c4b3-41bf-b724-b49445087441,Kevin Russell,rebeccabrown@example.net,22
c97bb107-86c1-4145-97d7-8aac166bcfeb,Mariah Taylor,barnesmartin@example.net,97
56283ca9-e379-43a6-a7f6-6f976a23644b,Antonio Mata,tiffany47@example.com,95
99d54d76-3cf9-484e-86ae-5910094db3d2,Debra Brewer,kbrock@example.org,83
48ad6cf3-832a-4cd7-8fa8-4df23e6ce675,Miguel Franklin,mlambert@example.com,116
050e64e1-b005-4e69-9af4-e7b798d0d843,Matthew Hurley,silvadaniel@example.org,113
ad0222d6-cd1e-4eaf-ac03-bbe97c99e8a0,Elizabeth Daniel,ybaker@example.org,99
fbbf1fe0-a018-45c9-bc2d-2439b5e8450e,Roger Pham,williamsalexis@example.org,33
7cba7fb4-7176-4174-bebc-de8d4f55cbe9,Richard Olson,edwardslori@example.org,107
b6f5f1de-872a-4be3-9407-8c3bfa6bd558,Kerry Andersen,clarkrobyn@example.org,24
35b4f908-f8d3-4abe-a9bf-8fa01f8b6232,Jennifer Castro,richard80@example.net,75
dbaba01a-1a96-477c-b260-d3506e842a55,Brianna Pugh,dawnchapman@example.org,29
dac65289-7570-4c74-830d-955b9a90853b,Donna King,ocohen@example.org,85
05421503-ff90-46a9-8afd-d1e4f1565e02,Andrea Smith,eric28@example.org,32
612c1d45-09b5-489f-b8fe-0a74b4687b07,Abigail Hoover,markpotter@example.org,65
9f630a9d-a00e-4ac2-b947-9975339ddcf7,Jerry Fleming,fnichols@example.org,58
b7b91b3c-4d89-4f77-96b9-bc14541bad40,Ricardo Daniels,ostone@example.org,100
3aa29cff-ebd8-44aa-a5b9-9e404087a29a,Shannon Edwards,thomasaustin@example.net,90
c8e80564-4b30-40ee-be60-82f66806b0ae,Barry Adams,michael76@example.net,58
c367c99d-e9d9-42f8-b3b1-c74e8f938308,Summer Owens,jesse80@example.net,67
69a0f733-0a81-465d-8507-d78d7948ca4f,Holly Sparks,wrightchase@example.org,65
24572285-99c9-46ae-8e7c-e054d7ccc28c,Malik Gardner,villegasashley@example.org,64
387c060a-b000-40ec-a245-8e1a64b41384,Derrick Webb,psmith@example.org,101
5fcc6691-f719-4e5a-9f6a-44d35d68caf1,Natalie Eaton,sandrajuarez@example.com,85
26fcbb5d-79c0-4849-a9d9-62c67d8cb6e5,Tanya Whitaker,gail97@example.org,21
1ef54c52-1843-41d0-8777-e5d9d7d4cde2,Yvonne Greene,cherylstewart@example.com,73
72430fa5-e075-46b0-8472-24f7044cd542,Sharon Fuller,xmyers@example.com,55
d0b75787-4ea0-4039-90b2-52c4ab75ca11,David Allen,sheri39@example.com,97
d41f4388-5402-4b33-a4d0-c35d977c42f2,Erica Thomas,andrea89@example.org,75
2e9479f7-bd6b-4c3f-b5ee-4e996ae68a2c,Michael Burke,jenniferdavis@example.com,44
f5a80a59-72dc-4bb1-9367-4ffe53aa75a4,Donald Harris,bstewart@example.org,42
ebfe2d9d-ec4d-4adf-b1f2-dc7b286fdddb,Lindsey Martin,gmiller@example.com,106
3138d44c-8545-4b22-89c3-f4a36d8d562a,Dr. Samuel Newton,hbrown@example.org,60
cdcc6ec7-ccc4-4ea9-a1d3-fe8cded07934,Dr. Lisa Hansen,amy67@example.com,46
631115b4-ec86-43a4-9f56-731462ebf1ff,Ann Miller,hunterandres@example.net,92
b374c821-3f1c-4afc-a82d-55581114a717,Tina Velasquez,santanajimmy@example.org,118
6aec4dac-1bc1-4828-8a9c-8621943a2694,Timothy Collins,xmckinney@example.net,96
2d1e21ad-d460-4e66-9158-318b22cb9cfb,Sharon Gonzalez,erik29@example.org,35
ebde17b2-542e-4c33-afe6-ed177ea68458,Darryl Crawford,dustin94@example.org,28
4a5cda40-ca70-40e7-9731-47c75b39321c,Ryan Russell,jameschapman@example.com,86
7a4d50ff-20b1-4516-bcff-689753a79480,Megan Campos,christopher94@example.net,112
9fdb01ec-f594-4677-bb1a-0d28d69ec777,Steven Holloway,barnesdustin@example.net,23
c9baf476-aee3-41f4-9d1b-543c2aab2c30,Tiffany Santiago,cstewart@example.org,101
35445ab6-17df-4f90-892f-cd2456acc756,Denise Zimmerman,baileyjoseph@example.net,93
4554c511-d141-4b0a-adee-272b51506704,Claudia Tran,thompsondaniel@example.net,101
8857e793-be0a-44ae-b775-f3f81f09329f,Samuel Baldwin,qthomas@example.net,86
b142457a-5be9-4e23-a409-b8e154bd2330,Rick Stevenson,scott56@example.net,24
65fbdcdd-3ae4-4676-933a-8defef2f897b,Scott Fitzgerald,xdunn@example.net,109
fb6924ba-bcf0-4346-b322-8ed2be0caa94,Brittany Johnson,kblack@example.com,44
dcb038a5-4d67-4914-a3ae-7a9250f73416,James Miller,rmartinez@example.com,113
45af9d11-3ee3-4d77-aeef-f71b66fb6049,Amanda Hall,georgerichard@example.net,45
2eb9eae4-7f6a-4707-b9e3-87a2c61eb6cc,Colleen Davis,palmercassandra@example.net,91
b1f635c2-3adf-450f-9e47-54133dc43704,Lisa Burke,emily79@example.org,62
21b6eec2-2a10-4440-8432-fac20980e596,Randy Harris,villegasscott@example.net,105
7b863f5c-ca8c-4db3-b0ad-3b4b339e6602,Adam Young,rdavis@example.net,55
db7ff7ca-b85b-455e-9950-83f0f4330f64,Oscar Giles,natalie19@example.org,81
e5b16734-eafa-4610-9e40-08bb328b96ca,Marc Davis,robertsuarez@example.org,80
97b08e13-baed-47f6-8055-75e35674ff14,Joseph Schultz,darrellmorris@example.net,110
b02172a3-c6da-474d-86a9-f9700777d076,Steven Randall,virginiaboyd@example.com,101
44747474-cf29-4eb0-8280-2dffec5fbba7,Jamie Johnson,ojones@example.net,37
f4c364d9-df70-4775-a5fa-509badb84e7c,Sandra Burns,brendawalter@example.com,51
f288e81f-be88-4329-a004-10e32040ad7b,Audrey Moore,imoon@example.com,40
0cb8767f-7a09-4a52-b511-569c63c8a811,Elizabeth Harrison,flemingdeborah@example.org,30
92c7275f-cbff-4de0-80d4-fda2ab4dcbb0,Joseph Johnson DDS,owensjordan@example.net,50
f0f296ab-6912-4b23-aee6-fa6b4e5177c7,Rebecca Martin,sheltonbianca@example.net,117
595bf8ac-cd7c-44fb-b0cb-cb2cdfa91bab,Tina Santos,alexanderthomas@example.net,104
6dc9c852-b69b-44de-b694-d542a15c6905,Brianna Walsh,melaniecochran@example.net,97
a678f81e-5bba-4cd6-b4b2-c3938aec88b2,Brian Davis,qray@example.net,71
5aa683f0-19a1-4ddd-a0cd-800c38a6bbd4,Michelle Thomas DVM,reedjonathan@example.com,67
96d28912-8d03-4070-9f79-e1fad780c586,Victoria Delgado,kimberlywatkins@example.org,49
9cc54404-db81-4bd3-8044-c95666c2aca7,Christy Flores,hubbardrobert@example.net,88
5eeec688-ef7a-4ee0-9a67-73efb3f0cbc2,Michelle Baldwin,tbradshaw@example.org,74
bf8e7ac7-b96d-42ed-a773-5f219c310383,Debra Owen,rebecca41@example.com,36
21ee234a-2846-4c3f-9be4-f646479a839f,James Schneider,welchkelsey@example.net,97
376a385a-9134-4da8-96cc-624a40837c5b,Julie Cameron,ethansmith@example.org,67
fda5bb4a-bfc8-4c4d-97eb-be3b2a89ea30,Christina Beard,zachary29@example.com,52
e0a93e8c-b5f4-4a0b-a2ef-0a41572b759f,Carolyn Smith,jose10@example.com,57
0cbddc27-9a04-44e3-b994-dff01aa96955,Nathan Lee,ichan@example.net,33
bf88a820-8740-4162-8f40-24e69e740c2c,Philip Barr,wthompson@example.com,73
b5e0593e-4da5-4dcd-9fe7-ffef84e055ea,Kevin Downs,aanderson@example.net,107
ae117845-d547-430a-b13f-841fbb6e15c6,John Long,hendersonemma@example.com,94
c90ed77d-628e-4b12-bcd1-125211313d81,Donald Martinez,aaron20@example.org,61
85ad5f6a-4c35-41df-8152-5f9602370ddb,Jodi Gonzalez,nicole97@example.com,87
112b74f9-2db8-455c-98c5-87289dad87ec,Jerry Smith,rodriguezjenny@example.com,87
c0159dfc-3313-4bcf-8d06-47f3e0f3cdd7,Richard Oneal,gardnerkeith@example.org,49
7be9c858-234f-4e0c-bddf-681d18aaeeb5,Ashley Martin,gabrielscott@example.net,39
10b65e61-1a3d-4f32-8ccb-3189ae8c5e2b,Ronald Johnson,hsmith@example.org,57
b9459c0b-78be-4777-9e38-b312559524f2,Randy Clark,pperez@example.net,82
04c9caea-9778-4979-ba43-a79729d290c5,Isabel Coleman,chapmantara@example.net,47
a66bea37-6c96-41a6-824e-ced62edb5968,Jose Kennedy,tgilmore@example.com,62
0d0fa383-63c7-41b8-ace3-91e342a6960d,Christopher Koch,bmorris@example.com,78
cc55d49d-e4e6-4353-8cb4-29ac3234f6f8,Teresa Mitchell,andrewgarcia@example.net,84
d45970b0-990b-4a8d-baed-a45ce9f08c93,Catherine Velasquez,andrea07@example.com,77
9526ee59-3fef-4f94-adc8-1bccc2f5031f,Sherri Richardson,ashleyjones@example.org,102
a533e752-ea26-4c99-809c-4a045fb7ab9b,Joseph Powers,naustin@example.org,72
dd44f713-585a-4d5d-bb8e-724738cf7094,John Manning,gonzalezkenneth@example.com,75
637fd405-a4fe-4da7-bd04-c36d8ed73402,Meredith Brown,millernicholas@example.com,66
8fcd3f4b-99cc-4863-b4b1-59ff634d3480,Melissa Bowman,justinbonilla@example.net,18
05d9e2d3-9f27-49b2-be78-e7317de2232a,Madison Nunez,raymondsummers@example.com,109
2153b6ee-134e-43da-ac74-66bc1ce49797,Stephanie Saunders,terry54@example.com,92
c56f30e2-b63b-4414-84c7-c85a11cbd229,Carolyn Johnson,tbenjamin@example.org,105
1263085a-bb3c-4815-80c3-84f49b64500e,Gary Bennett,eric71@example.org,40
de0ea8a7-f9e2-44c4-ab0c-7fac310a8012,Amanda Banks,alejandromeyer@example.net,73
9bd44184-c9e0-41d9-a2ee-fb61fe343a3f,Cassie Sanders,susan02@example.com,38
c84db9c4-970a-4a3a-88b2-059e0e13dcf3,Ashley Wilson,jessica44@example.com,22
f50ed0df-1fff-4c47-b3e4-86cbbd55756e,Debra Wolf,browndebra@example.com,46
4b7e9e8d-0647-456b-9449-ded34a3fe870,Jordan Parker,nicholasjones@example.org,23
d24b73f4-2401-41fa-ad0b-e4fb85f8c49c,Anna Smith,brian09@example.org,37
d78e7f71-c3b4-4631-9241-58b92b814f06,Shawna Harrison,richardsandrew@example.net,89
5afe4b1a-6b3d-42dc-8a62-5eb9b0a17541,Brian Fletcher,harriscraig@example.com,73
fae42a45-1116-4368-aa11-4306eab6cac5,John Heath,ambertaylor@example.com,111
d62fb464-f3eb-4930-b30d-082ebac59879,Kayla Miller,crossangela@example.org,111
b3961b8e-239e-4c40-bb54-c39186b8283e,Jamie Watson,anna98@example.com,57
b57f2e8a-b31c-4a63-b41b-7994f8b57c7f,Michael Hernandez,xhorn@example.net,54
d02d897e-4cd7-4dde-9bfc-a3136f4f0647,Kathy Smith,thomasjoy@example.net,44
e3ab1f00-5e6a-4e92-80eb-73113dda6478,Breanna Wilson,qnavarro@example.org,53
5618bd60-ce3d-4871-975b-8b1bb5c1e4e2,Ruth Brennan,samanthabell@example.net,59
9c29a586-6270-48ef-b8f7-21a12827e938,Mark Shaw,qthomas@example.com,42
d1ad9653-57ea-4f71-bb5e-9db5632d7daa,Lisa Vaughn,lauren14@example.com,89
55021185-522e-4a50-9287-ba3f37fe8f2d,Mark Hall,burchrobert@example.com,117
08833965-0857-44db-b00b-230dc8ce1b69,Tamara Williams,jennifer56@example.org,117
d59b5f35-611f-4b27-8156-98ea01da43af,Cristina Hinton,jonhouse@example.net,99
8958a43e-f548-4598-b237-86ab1c22f53f,Jonathan Savage,russelllisa@example.net,23
2ddecac1-f0ad-4b17-aa32-08e9cb2fa185,Alvin Lawson,george63@example.net,88
9ef37db5-7899-4a96-9a26-45fccc5c7fbd,Suzanne Johnson,shawnpayne@example.com,93
8c7f97b3-69af-44e0-8fb7-7d67dda43637,Frances Short,dave06@example.com,41
884feb3f-6fcd-4232-8c77-b3d41b1157da,Steven Bowen,aduran@example.net,42
92734f26-31b8-4356-93ea-a6a447797817,Kathleen Todd,ericpatterson@example.com,112
7e47fa4b-ab56-473d-af1a-014e71359522,Nicole King,rebekahsmith@example.net,41
6e5515fa-2c8d-4cfa-a2ea-317367c1dff0,Christian Thompson,aimee65@example.net,111
6aba2da4-2bd9-4747-9569-4a1a022e3f7f,John King,jonathan46@example.net,83
4e63ceaf-9fb2-4c27-b2f7-1c3c77c61bbe,Timothy Palmer,robertsimon@example.com,110
25ced935-323c-431d-8127-cb589d564ad3,Alex Peters,jennifer00@example.com,104
5217eda6-20b0-4012-8374-ecc994964649,Tiffany Bailey,jwarren@example.net,111
5bc64fa8-baa4-4d4f-a642-47f45814ecb4,Karen Lopez,lawsonjason@example.com,26
d58f07d1-2417-4f9e-945b-90187f8274ec,Christopher Obrien,tonyacrawford@example.com,106
1840deae-db5c-4708-aa7d-11de24bee738,Mrs. Tina King,jenna30@example.com,83
ba5eb2ed-f0c0-4076-8eb3-3b029d1e2aa5,Robert Santos,parkerdavid@example.org,36
3a422834-b34a-408f-88da-ec79e9759615,Gerald Williams,kruiz@example.net,24
a4cc3de4-f552-480a-aa6f-f32d8eb9d2a8,John Taylor,christopher52@example.com,65
2a75c330-ebc0-4e91-8371-9635ee7ea1c4,Brian Garcia,torreskyle@example.net,64
37302cc8-fa3e-4d12-9127-18081b7e7746,Adam Webster,nsullivan@example.org,71
acc1850d-3b69-4425-b35d-7fab56341f78,Terri Reynolds,jeaton@example.com,44
1bf36844-bacf-47e4-b045-2861bbf24f43,Lori Lee,pachecosteven@example.com,55
d53953f4-5cb2-438c-a350-8b8c76322773,Joanna Sanchez,tdaugherty@example.com,120
8eaec6a1-f341-487f-bbe8-39d44cce62c8,Christopher Herrera,ldaniel@example.org,102
72641ed7-e570-4e6d-8a2b-d9126be0555b,Dominic Kelly,rodriguezmarc@example.com,57
fb91f7bd-8f00-459b-ae4d-c968772aa994,Philip Smith,danielle28@example.org,78
a35752f6-12da-46b1-8009-54589ab1e62c,Angela Mills,peggy10@example.com,113
30eaa394-ec4e-461f-823f-099119a277d8,John Alvarado,brianrodriguez@example.net,33
ff34f17f-382f-4b3d-afcb-bcbc2d624f52,Lisa Davis,raycory@example.net,56
cbbede64-8144-4955-9a7e-3571e7eacdd8,Jennifer Jackson,wpark@example.com,98
f6f60b53-231d-49bd-8e75-3e851baaeddb,Robert Green,sabrinabryan@example.org,45
160dfdbf-c107-4a50-8d6a-291d90db4833,Ruth Miranda,qbooth@example.org,60
75658117-7e57-4501-9599-7db3c5ccf74e,Rebecca Cuevas,ilamb@example.com,40
0ce8d528-5329-438b-b7ea-3620edb88040,Dr. Austin Moon MD,wardjeffrey@example.com,35
8ea65984-f724-4f41-9e63-742f7c976746,Luis Edwards,ldalton@example.net,79
e4a5b672-173c-4331-a6aa-9401f5858019,Victoria Humphrey,andrew92@example.com,43
1b473fec-000f-40cc-9e2c-ac201fa05c39,Michelle Rodriguez,dthompson@example.com,85
21dafa78-fbd3-4dc1-adf8-449839e4a2fd,Ms. Kristine Mclaughlin,uberg@example.net,119
1b366bbc-a903-4934-93de-8af83ba829fc,Zachary Braun,aprilrojas@example.org,112
208fa764-9612-4f21-bd36-cc9307b56be0,Mr. Bradley Horn,kathyrodriguez@example.com,57
38c86208-11bb-4a63-8797-dfbe7fb0cc33,Pamela Leonard,jessicajacobson@example.com,67
a0818abd-79de-4ecb-89ea-0e30cabb0a6e,Dr. Lisa Rollins,uclark@example.org,94
33526728-cb0a-45ae-9781-a9d969d90cb7,Laura Blackwell,perrykimberly@example.org,92
9f427983-e291-46c9-987c-85c0ebc64adb,Tara Snow,karen47@example.com,85
2b4f5036-29c3-439d-bfe8-fd133772bed3,Gary Adams,scott85@example.com,103
b264b1f2-6435-40ed-9400-3e97fee49b40,Jamie Jacobson,sarah03@example.net,77
d096dc90-c356-4eaa-b0ac-244a2508e123,Jennifer Stevenson,samanthawhite@example.org,39
3509f146-d8d6-4140-8dac-e479bba431c8,Tammy Miller,wayne82@example.net,41
dc779bba-e672-406f-8e63-fb988a040f71,Barbara Giles,hschmitt@example.org,84
0dcc5da1-a7d3-4e54-9b13-1d2dea09ead1,Omar Davis,warebrittany@example.org,90
129d2161-3e5f-4404-bf8b-ae9a3127d4c2,Ian Garcia,vfreeman@example.net,84
fef31617-df1a-4eeb-9e7f-9f61311fd533,Danny Harper,gmorrison@example.org,71
ab45db03-be6f-4d6e-b4af-e830bb6efe95,Anna Mckee,gregorywatts@example.com,119
6f949f22-7ebf-4b71-a587-376aa9248fa3,Caroline Benitez,amy16@example.org,25
bf6e46d8-64ef-464d-bf09-dc699dd2aa48,Jeffrey Wright,sara91@example.com,26
fb8b567d-1c07-4b93-a777-5abdebf681aa,Mr. David Savage,coopergary@example.org,89
d18bf26e-cb27-4121-975b-bf2d3233cb6d,Jimmy Conner,melissanavarro@example.net,61
a4ef8830-d53a-499b-bdce-f86db1f151ce,Jordan Berg,moodylori@example.com,77
61db8b70-7949-4af3-b805-9d6ca9b525ed,Jared Johnson,ishepherd@example.com,60
abfcfad9-bf75-4c04-a67a-7f189cf193b5,Christopher Mcbride,lynchrebecca@example.com,21
b9e69e8d-bdde-4181-830e-390b617535a0,Christopher Lane,christianhancock@example.net,75
48f723e4-3922-44e3-be07-e60f314bff10,Tammy May,rebeccaunderwood@example.com,34
95819381-6342-4459-b273-307ef79a3028,Kristina Bird,lisadavis@example.org,43
bd2cdd81-6ef7-43b3-978a-5cc70803823f,Tanner Cordova,anthonyvincent@example.com,51
05ed8b2a-1abf-4602-ad57-1a0d2c0cabaa,David Kerr,collinssean@example.org,114
5e2cee88-b901-47e1-a0a2-9598497a7b32,Kara Boyd,zritter@example.com,45
96ae1f45-095d-4f6c-9b41-aeca82cbefd5,Kristine Carter,gregorymoran@example.org,33
22f4c69d-15b5-4909-b111-02a0863880ed,James Turner,jennifer92@example.com,21
ce7194b5-dfd9-4e8c-888d-f817cc7c57e7,Susan Jones,sarajenkins@example.org,104
bc1f9bea-da6f-4268-9918-dbf95363ce59,Kimberly Robinson,tgalloway@example.net,119
8043cf1a-1e3d-4e77-b334-2dc9db201001,Christopher Kemp,sawyersamuel@example.com,45
1fb2ee2b-1b79-47dd-b6fa-0b00350a9646,Katherine Smith,wheelergeorge@example.net,43
0501d346-dbe0-4927-bb95-f4095527053b,Laura Braun,hernandezmeghan@example.org,97
5141f146-93d6-4782-8fac-c6afe899344a,Eric Payne,beverlysmith@example.com,63
36933f0f-334f-479d-997c-25ef8ec8bd1f,Victor Serrano,lori49@example.org,63
2f86de0f-e4aa-4961-a8d4-c18dd2c647db,Adrian May,osmith@example.com,90
8aefebef-d31f-4bff-88a2-dc5e89d41f6c,Robert Thompson,pmedina@example.org,103
2f0c4b08-05c7-4714-b827-8d98cfb4657b,Brandon Long,jessicacurtis@example.org,21
5ac6bb2d-f43b-46b4-90b5-0fbb0958ef93,Jennifer Velasquez,meganjohnson@example.com,98
77199533-12fc-4865-887d-103177dc3226,Curtis Palmer,caitlin06@example.com,83
937ae0d5-9f0b-4e22-8255-f776d8c81a96,Amber Clayton,stephen29@example.org,45
b7d2fc8f-7123-4142-81fd-64c0c0a827b0,Bryan Todd,jessica22@example.net,110
28dd5248-5c1a-4253-955d-f7591240852c,Anthony Reyes,shermantheresa@example.com,38
ef2da49f-4910-405d-b441-25ba19359e32,Rachel Ortiz,oanderson@example.com,97
852f8b45-5f13-4ce5-a1c6-d7a63c3228d1,Heidi Williams,jasonross@example.org,91
cf99635a-b2dd-43bb-bdbe-73a09026dc02,Kimberly Hernandez,kevinflores@example.org,97
df362465-86ee-4047-a126-759d5b8abab5,Whitney Montgomery,amyscott@example.com,35
37093baa-69e4-4dc4-8c86-676306031376,Daniel Wallace,kimberly03@example.net,52
cc2df7aa-1818-4bea-8e95-2f3f1df82d4f,Maxwell Benson,travis40@example.com,107
24f0a75b-e6b4-4aea-8d76-43b27f512e16,Dustin Rangel,johnrivas@example.org,105
ebbe0620-4b72-4c86-97ef-24b2d0a6910a,Joseph King,tarareed@example.com,21
cd589103-a061-4312-b04c-cab67a1af297,Maureen Nichols,kingjenna@example.net,56
9fee53cf-0abe-41d1-84b5-c48acff5df98,Stephanie Garcia,wcraig@example.org,36
a5159a15-305d-48c4-99e8-c37f0b78823b,Donna Bradford,gordon43@example.net,92
5f9162fa-4f89-4b62-99e0-74aedca720e8,Angela Owen,ronald51@example.org,77
949a5b4a-bd28-4477-a265-c71cb4677101,Heather Anderson,emorales@example.com,96
01fd9bdb-2be2-4747-98c8-d7fc731ef77e,Charles Williams,fordgregory@example.org,68
c9cbcee2-757a-43fc-80d7-a1b92f534985,Mario Coleman,tina09@example.org,69
e4cc21c4-ad9a-4cea-85e6-5a3d6bba326f,Mrs. Holly Eaton,frankpearson@example.org,86
d904d082-ef7f-44ff-8f64-2ea1ec0eb734,Elizabeth Washington,ryanhernandez@example.net,94
6e0c239f-7aa9-4902-9796-d2e114623098,Valerie White,cookcurtis@example.com,95
ee4c2f38-8319-44ee-a79b-e01fc3daaf12,Ashley Mcgee,fitzgeraldtim@example.net,107
fa06a415-df12-425d-b7a0-b93a3f111fe1,Katherine Rogers,clarkcynthia@example.com,51
4c933f14-fc85-4801-9858-6c68d8ccbbb3,Gina Ritter,jorge17@example.org,22
9b9931d7-b384-4ae8-b874-9dcafe5d1588,Jessica Fletcher,jonathan05@example.net,59
b0489255-39a5-4658-9ced-1eb9cd908d3c,Robyn Cross,renee63@example.org,68
be2403f8-2535-444e-8bc1-22980778ef3c,Lauren Parker,gardnernicole@example.com,21
a51009e9-a6dc-4b94-a74b-4fbfd78defed,Brandon Martinez,tamara53@example.net,28
33d0cf2d-5c65-4603-9697-9358132ec246,Mary Stewart,andrew74@example.net,66
07d0be68-6da9-4680-90c9-17d6dbfd11f8,Nicholas Chavez,michellejackson@example.net,24
8ec68dd3-ce5b-46e4-931e-7456352865e2,Randall Contreras,tylercollins@example.com,112
f6d3ffe1-6c3b-422d-a7bc-0d6d2f9de709,Emily Pena,narcher@example.net,117
fe72a7b2-2f7d-49cc-959d-360ec032dd67,Carlos Lewis,coreygarcia@example.net,89
9a98327d-a98b-4fc4-b167-ddc17e0d1c44,Ryan Lara,cchavez@example.com,19
f23a407b-13bc-4b8d-a969-4422b1fd27e8,Pamela Warren,jacqueline32@example.net,56
abe2e144-3c42-41de-862d-e2246ec8b852,Megan Larson,ellisashley@example.com,51
103a90ef-8e6e-4bbf-a12b-1107bfcbc00d,Elizabeth Martinez,ashley48@example.com,75
21aa9d2c-6f28-485c-9d98-ff9181b8ed75,Thomas Velasquez,hailey65@example.net,18
0b32a266-ed61-4f11-a2d4-89ed0e48b1af,Sarah Forbes,marissa18@example.org,91
751257a8-c859-45cc-b37b-f49c21c62e2d,Abigail Arias,collinssteven@example.net,103
e4e44c3b-474e-4cca-9f07-ff0860a23b8d,Kathryn Young,kristen43@example.net,69
d9fa605e-d6fe-4d87-aa17-debb5e1f44d1,Susan Parker,blakebarbara@example.net,94
19e354ef-165c-48b2-b1b3-d5a3e6273503,Ashley Steele,paulbaker@example.com,53
bb725937-4598-47a8-b2ef-95ac7965e1e6,Melinda Goodman,jennaarnold@example.com,77
5459619b-a2de-441c-9ac2-7378ffcf15a5,Brandon Noble,angelarowe@example.com,60
836b7828-2dee-4705-8c26-5ce256f81dd1,James Peterson,nicole08@example.net,56
775b953d-6576-46f2-a570-5da5b0f4010d,Devin Oliver,charles50@example.com,97
6f2c5450-aeed-4acf-af63-03aef8eecceb,Steven Phillips,travis72@example.org,62
3b7604cb-3ad9-4cab-ac57-7d9372fbb7f7,Ashley Davidson,ywallace@example.net,94
5d400927-52f7-4417-b614-7b68b6fb5eda,Erika Gregory,ncoffey@example.net,40
93709f31-dd77-4859-b58b-5c4650871354,Michael Rojas,bakerderrick@example.org,50
4b4edff7-f62e-47c0-9a6b-2edba6de3330,Matthew Serrano,laurie57@example.net,61
b0d29b04-cdfa-40da-a482-b510524750df,David Singh,scottzimmerman@example.net,66
ab9574a8-09c4-48eb-8d07-32caa17953c2,Joseph Johns,hoffmananthony@example.net,86
4a2fb982-2236-4af3-b1c1-37f9d7cf46c1,Brittany Baldwin,bfernandez@example.org,75
46a28d37-625d-493c-8f6c-282cb0ab808a,Andrew Mckay,melinda54@example.org,68
499398ed-bde5-4522-b399-ac0249903784,Scott Miranda,taylorterri@example.com,90
858a72bd-ee25-47fb-ad74-0438b43c16d2,Andrew Ferguson,sophiamoore@example.org,37
1ea28e24-cf15-44af-9d45-c93e34d825d4,Jennifer Smith,max90@example.org,93
b188a30a-dfa1-430d-9760-2fac232e67dc,Holly Hammond,christopher95@example.com,26
7fffa65b-0c43-49f8-8ccc-c9471ddad5db,Isaac Sosa,lauren38@example.org,94
49e167fe-a8cb-4f5f-b037-be0c9294b325,Rodney Bowers,floresbrandi@example.net,97
fc7fb56e-05d4-41df-8b6b-1e6d46c633e3,Christopher Scott,sean66@example.com,30
b3cc9e5d-32b4-46c3-b099-441527a64cf0,David Gibbs,seth15@example.com,52
a710161b-668c-47f0-a97d-a1e09cbf9361,Heather Hernandez,jamesperkins@example.net,72
fcb86492-3764-40d1-afb1-0413f274d152,Laurie Sanchez,diazanthony@example.com,90
d50c491a-f15c-4607-9471-0a2996deff4f,Anna Williams,sroberts@example.org,73
f120c80b-050b-45ac-a500-8501cb66c5c5,Michael Perez,frandall@example.net,72
882fddd9-bec9-4d04-be45-c2de345cec00,Dr. Amy Thompson,david97@example.org,91
2a9bdda8-19e2-4efb-b9e0-27fff3677939,Crystal Martinez,finleystephen@example.com,79
ba97463b-cfcb-4431-adc1-1a2fa62257a2,Katie Robinson,henryderrick@example.org,65
1599c44d-17bc-46dd-9fd1-bddbbebde9cd,Dustin Reynolds,reneewalker@example.net,67
b19857a7-e390-4414-9e1f-dee33e6a6850,David Valentine,kellivalenzuela@example.com,90
41a268ff-05c4-4aff-bb55-25971e59bb6f,Sheila Friedman,rward@example.com,96
7f2adfb0-05f0-4fb8-8cfe-afbb8482f969,Brandy Garner,bsandoval@example.com,57
4ad33922-4d35-47e0-9279-2599ee750fd3,Donna Jimenez,mmckinney@example.org,119
ee478637-d738-4bc4-a6f9-90f22b82b1e0,Rhonda Arroyo,tylerdavid@example.org,112
709806d1-92dd-4df5-bd91-53369eef64ac,Natalie Harris,hannah61@example.com,52
fd93c1b6-ca36-4b9a-9e76-9257f3c9b1d4,Paul Parker,michaelmarks@example.net,120
b5b1386c-a904-4885-af88-95e5c672ce54,Brian Bolton,bailey42@example.org,53
13aa9b58-c7fd-4246-b150-96639457e8dc,Sara Rodriguez,matthew98@example.net,98
d28c58c4-c3d0-452e-9ea0-da1d3734bd3c,Brian Peters,johnsonjessica@example.net,79
d48b1242-2d9b-427b-b0af-a8a55c5c4466,Stacy Matthews,davidhenderson@example.net,28
06fd4a4a-d910-4c0d-bc33-1ba5b7ef6c6a,Shelia Harrell,pamela20@example.org,34
3e85c199-46c5-4475-97ae-cef198bf75f5,Jacob Johnson,zachary96@example.net,109
1baece14-b897-44ce-9b8f-045c799a16f0,Luke Lee,dawn62@example.org,28
e5c00b16-9798-475d-b6d6-cabf3a6afb0c,Mallory Clark,phudson@example.org,70
29f98d7a-bea3-40f0-858c-d687df933cea,Brandon Villa,joshuaglass@example.net,39
7eb29a03-2985-459f-a9e6-e69f8cd22cee,Ryan Graham,alexanderboyd@example.com,109
27232b95-fbd6-41d8-9f86-1fe26a50c22a,Tonya Garcia,melissa54@example.net,47
dc1a41a9-ec1f-4468-9c4f-e38ebb7d9efd,Mr. Anthony Whitehead Jr.,ydavidson@example.org,30
87fdd936-31e8-4f47-a8ff-6651357cf902,Brian Campbell,allenkristin@example.net,26
17de48e9-afbc-4905-bca3-d7086e8c239d,John Knox,davidtaylor@example.net,90
16039ded-b35e-4ef1-bba9-fa98a9834b2b,John Arnold,nmelton@example.net,30
e6b2ffc8-aa3b-408b-9c9b-6edcea7fbe71,Mike Garcia,pharris@example.com,51
a834aa5e-edc7-46ff-a94f-3fbf035382db,Cheryl Chavez,carriecollier@example.com,62
540eff3f-2c02-45b6-a75e-0c8269d75052,James Anderson,prodriguez@example.net,62
d686329f-cb44-44ea-a48c-7d99f7d88f5a,Krystal Smith,nbooth@example.com,46
f780c170-bc57-4f6d-8734-8f9f1cbc1f1a,Ethan Ward,simmonsjessica@example.org,91
4daeb7c8-b748-41ea-b6d0-95fc90b5e44d,Kimberly Johnson,brownstephanie@example.com,75
8932fca6-cb24-4b0f-97a3-3ec4e115135f,Alexander Peters,fisherlaura@example.org,120
3f0204d1-6ca6-4c53-8bba-675b052e6a77,Antonio Valdez,oliverjulie@example.org,98
cfee097c-3052-4df7-a4ec-64d198a22e6e,Annette Berry,lewisbianca@example.com,30
13a07fd1-a8c3-4e9c-9075-bd7adbca9022,Bryan Moore,jessehull@example.com,69
6aa6736f-d76c-4a80-970e-5d2d698774ff,Joseph Freeman,wigginsdavid@example.net,102
b28a1ff7-65e5-4afb-bc30-b874223b5c73,David Russo,mooremonica@example.com,71
1afb42fa-6cdb-47e3-a1d0-b994127c4596,Robert Dunn,fmoore@example.net,91
9f97b02e-42d0-4492-9063-6659d2c5ec40,Amber Parker,mwade@example.net,120
ca1992d7-183a-4bd7-808a-0287d9072ecc,Raymond Booth,meganevans@example.net,82
40446d9d-197d-4818-8289-84bdc4cf73c0,Tim Mccarty,john86@example.com,55
b4418357-b31a-4f5b-a5f0-2bef0bef2ef3,Erica Flores,meganturner@example.org,31
cbda91f6-e592-4dac-bf87-433e6caed9d8,Tommy Martin,robertmarshall@example.org,53
d8757e54-0c5c-4a33-bb42-00f56ebb5b1f,Holly Roy,ggonzales@example.org,99
feecfef3-04de-4af4-8762-b72407d7f74c,Joseph Adams,myersjames@example.net,38
2608fc74-0ab3-46c6-b8bc-d8381c4a4624,Jennifer Cook,ybrock@example.org,52
78afe730-835f-4222-ad2f-a9cc2bb09f68,Mary Armstrong,solomonaustin@example.net,89
b22c0b01-5895-4d32-95c1-7cff0232dc88,Steven Hardy,staylor@example.com,49
627d9bd2-0627-4e3e-af10-05f1f736f238,Debra Oliver,dennisjacobson@example.org,74
adfcf217-b47d-47d2-bbc5-29cd4a8fb48d,Nicholas Smith,xaguirre@example.net,39
76a1b674-34d4-4573-a42f-53dad77276db,Matthew Smith,ugomez@example.org,104
f33a4a0a-e7e4-42bd-ba72-08cefcc3f5e5,Michelle Hall,cbrown@example.com,39
9d441e01-85f9-4171-9ee6-430e575910bf,Lynn Dalton,millscourtney@example.net,112
cc6d00b0-5926-4743-9cf8-ef131ca0b6b4,Tammy Morris,joanbrown@example.net,53
168e44e8-5d60-4660-9761-39095e6075e1,Stacy Bernard,danielfrank@example.com,63
69da7985-9a0f-4a40-a983-88857ba4a37f,Tanner Johnson,melissajordan@example.net,108
ec49201e-9a58-44dd-98e3-c6c1f507e4e2,Sharon Gonzalez,brownandrew@example.net,114
c76210e1-675f-4405-b4bc-fbbb05137e1d,David Cain,joshua55@example.org,26
60c7189c-e6cd-4fb9-9ceb-20f0443fa277,Kimberly Colon,archerfrank@example.com,45
0ad05a28-3888-429b-babe-892eb00f70f5,Misty Sims,william08@example.org,102
c5e3f726-f4c6-4ead-9993-219162d4d3b9,Xavier Rodriguez,estevens@example.net,30
18f772b9-1044-4927-9ef1-86351f53c112,Sara Thomas,rickyhoffman@example.org,62
9628f264-d05c-4e93-b40c-7a31455d7193,Douglas Miller,upayne@example.net,42
aabb62a3-2854-49c2-9edc-f84210354e93,Rebecca Hopkins,whitakersean@example.net,98
a6ee6715-fca4-4ac2-bc7f-23832e017ea4,Breanna Fernandez,sarapeters@example.com,25
c84bd56a-d85b-4aff-b587-65881bf90925,Melissa Mitchell,benjaminweber@example.org,75
18b95d9a-a7c3-4303-95e2-f1b034ef9f8c,Andrew Graham,schwartzerica@example.com,71
ffec4a3d-97b1-4fe3-a53c-65842b9ce97d,Ralph Hammond,ariana15@example.org,103
e16fc3fb-4b3b-40d5-a9b5-59507519971f,James Wolf,mark38@example.net,114
263d6246-d66d-4f57-8879-8d420c8d102d,Kevin Johnson,nmueller@example.com,38
5f059a4c-5bb1-49d6-bc4f-fc1edb587077,Joanne Williams,randyhenderson@example.org,36
de3cfa50-bee5-4346-ad43-7a0a49b286ed,Michelle Snow,bradleykenneth@example.com,32
3a2f0845-7037-4a82-b89b-54338006dbc0,Rebekah Bailey,ncox@example.net,23
021cdf6e-140f-4634-94ea-96a3a84f395c,Heather Murray,kyleyang@example.org,26
1cc27e68-9a0a-4448-9883-c4e6d04799e8,Lindsey Savage,jharris@example.net,111
0ce1c2f5-0be0-4cfc-8fe0-fb9048d458ac,John Martin,warrencharles@example.com,98
10b65bad-2a73-4521-9c8e-037acc163715,Erica Oconnor,knighttamara@example.com,76
4914d638-7144-4e93-bfbd-880a799a7c8c,Michelle Byrd,qwilliams@example.com,86
ac57dd05-e6cf-4360-a3c3-15f08e78d04c,Michael Noble,douglastrevor@example.com,55
633b4df4-91ec-4fed-a943-51d5f615843f,Melinda Richardson,pharvey@example.com,44
1a0820bb-c7aa-428d-a43b-f34d83e50715,Veronica Ford,xbrewer@example.net,79
6b92fb98-e596-4163-94e9-a3a7684f6aeb,Amy Holland,brendahendrix@example.net,54
b79565f7-ad05-453e-ab49-0e81fc2ab318,Cassandra Smith,edrake@example.com,41
44c023e1-2e62-4fc2-8086-849be9ec3c29,Martin Lester,kevin00@example.org,49
af51269c-c47b-4add-a559-f4f404557334,Walter Davis,nharrison@example.org,52
3c128b9c-c3d1-4b62-951f-e0ea7c1ca98a,Carrie Obrien,smithstephanie@example.com,115
febc3b08-a4d1-45ed-bd78-73b9391857a1,Caitlin Cervantes MD,rebeccabarrett@example.org,120
dfa02d16-c15c-4908-862d-fbb66ac99232,Gary Brewer,goldencaitlin@example.org,99
fcca88ab-2cac-44fe-99ea-321884f24e5c,Scott Tate,kristen74@example.org,89
e00d2c3f-b8af-4e6f-8ef0-bf90c3f1fb6e,Jacob Flores,melaniegregory@example.net,118
c654054a-1325-492f-9944-b4d115254813,Jose Evans,ericgomez@example.org,54
cdfb0079-6b47-4939-9998-0f47a8596e8d,Jay King,danielbernard@example.org,41
adae56ba-03ad-4601-911e-d6906d16c072,Jennifer Hansen,sarah95@example.org,114
3f33995e-cbb1-461f-8f15-b6afe9149ffa,Timothy Johnson,daniel14@example.com,77
902e04a7-d155-4a27-b003-858f38225a2f,Philip Henderson,joseph99@example.net,105
ac273eb0-1da7-4168-814b-a1a96ff28a4d,Stephanie Stephens,michael45@example.org,26
9e33bb1e-19bd-489a-a783-ea1279515719,Todd Lloyd,mindy02@example.com,60
83879210-a4b1-4b6c-9a3d-946eab16bff3,Bill Reed,martindana@example.org,88
1855c8fd-3302-4963-a55b-c79104947f4b,Tyler Mason,wbrown@example.org,77
8fe535d7-924d-4db7-8704-f7822f61e8c0,Christina Mcdonald,mcintyretammy@example.org,62
ed1200ee-8ef2-4ac2-a934-fab29c8611e1,Lisa Peterson,liroger@example.net,111
47aa8631-768f-424d-85e8-ce66e15101b3,James Brooks,melissabrooks@example.com,67
5f2bbe07-f1a7-463e-9c63-d3aecea17041,Stacey Page,laurajones@example.com,44
038602b4-e466-496a-8341-4f8120aa16f3,Anthony Morton,gcurtis@example.net,88
85a7e6a9-a1c7-4d76-9c1c-1478f7434249,Holly Martin,tperry@example.com,59
70a59619-8cb1-43ea-98fe-085763204949,Christopher Hayes,elizabethtaylor@example.net,98
c1f0cba6-45a8-4d70-9c49-bf59c20a3f65,Bryan Galvan,heathernguyen@example.org,33
28f37165-daae-46d5-816d-29fc617d4688,Donna Gilbert,halemonique@example.net,99
a09d5a00-05ad-4492-b62c-2a4fb065f153,Alice Alvarez,charlesclark@example.net,119
43d68b47-a455-4484-b66a-1f0af912ce09,Christina Watson,heather05@example.net,25
d90e4d4e-f2da-4bef-8134-6f764b3fb61f,Jason Quinn,sknapp@example.org,102
cbb25796-624b-47c8-bcd9-0e60aaa4636d,Zachary Lambert,alexander01@example.com,80
3d1b64f0-b689-40c4-a8c4-c165b6f61dc1,Tiffany Fox,mccallcory@example.org,79
c710aac0-484d-4681-b050-e8707fba2674,Suzanne Armstrong,kaneamanda@example.net,45
d7f890b8-55aa-4648-b3c9-79e37cb24a1a,Linda Murray,shawnsmith@example.org,83
83a975f0-00c4-4f9d-9a8a-89689e058503,John Adams,nmorgan@example.net,101
45da76fd-0920-44a3-8876-c53bdfe99db5,Paige Johnston,westnicole@example.com,72
41ebf60e-2068-4f31-ae84-67eaf84339ff,Robert Williams,patrick39@example.net,20
f10c6276-2d07-455c-8455-95a279a95613,Tiffany Villegas,natalie24@example.net,86
ef38f4f5-f01d-4422-93a3-1acae4129468,Jessica Dorsey,barajasjonathan@example.org,26
1dc664f2-4864-4245-8e7b-65ea5a34da2f,Jaclyn Sanders,fstokes@example.org,51
452db660-8d99-4102-a562-30f928bfeb18,Richard Richardson,wkelly@example.com,103
1eb17f10-e8a4-4ca6-9eb6-057fce2f4052,Daniel Ellis,christophersmith@example.com,44
2932806f-244c-410c-812e-d9067813fcce,Victoria Donovan,bflores@example.org,99
4f9580eb-3d42-4b2a-b798-856548d5f2eb,Daniel Huynh,ernestjohnston@example.com,99
90beffcf-fef3-472c-b8a5-c6d669393af9,Steven Petty,deborahsnyder@example.org,80
db6f0e07-afc3-4631-83a3-96f238328eba,Andrea Parker,mhardy@example.net,87
638aba00-e170-4041-a152-574bce50e468,Lori Huff DVM,derek56@example.net,55
8c54832d-d246-4c12-9417-3d7fffef6fa7,John Perry,wclark@example.com,101
4c14abe7-ce0b-46f6-8da6-43ee7bef629e,Jessica Brown,dcooper@example.com,81
453e70fb-4f10-4f1b-92fc-59dff4703e7d,Mark Leach,deckermichele@example.com,101
5a4cd228-c62c-49b1-b834-4690ab33497c,Loretta Richard,wmooney@example.net,75
e432f923-ad4a-44e2-9efd-c6f69feb44e0,Jennifer Johnson,dana50@example.net,78
81162cd0-6ee5-4c62-8f94-c0e52026d6b2,Lisa Robinson,costazachary@example.net,42
94bdccc3-27f1-4a3b-adf1-471a392ecfc9,Sheri Jennings,dwilson@example.com,58
1fc7f5ea-cc6d-4ca5-bba5-3731da489f47,Jesse Daniel,williamsmith@example.net,120
a7083c00-6d86-4981-a4c3-47431078bed3,Jennifer Olson,kellywright@example.org,80
064c442b-6791-4326-a59c-b04a0c95ae5f,Vicki Holder,lisa39@example.net,59
785fe5d8-aa6f-468a-a93d-9c6d0b52fb48,Richard Lee,mariamunoz@example.com,38
e313d964-0176-4444-80eb-1cd7acd1bb8e,Mr. Bobby Manning,jeffery05@example.org,75
215009e1-ab58-4495-94d8-4274f4c4009a,Johnathan Hill,amanda91@example.net,59
66da3c7e-988c-48ac-b2b5-fd094a732830,Mrs. Kimberly Ayala,christinebishop@example.net,67
ea8ca300-3abb-4118-b2cd-b9ee98eb9110,Rebecca Ferguson,lisajones@example.org,50
56ff9704-3792-4191-969d-604c77eb8586,Steven Robinson,jessica85@example.net,31
1513dd33-8342-4cda-a421-5d96f76b0749,Rachel Mccarthy,mjohnson@example.net,120
12d1b858-9d42-47c8-8a4b-95e6f5766f9a,Jason Coleman,danielmiller@example.com,71
60d83301-9370-4479-8c2a-cfa40e146df7,Mariah Snyder,crystalwoodard@example.net,93
f4d9f9af-355c-4559-ba0a-1c2640c569f3,Joshua Kramer,corey05@example.com,76
32ffa981-10c1-45b4-bbfa-95d281342b15,Donald Brown,fwhite@example.net,56
b71ae9c1-aa3f-44cc-b4e6-297a8397d89c,Brittany Vargas,sarahparks@example.org,76
9d4708ad-2774-47e5-9f5d-6d7962f0b5d9,Robert Gomez,ronald31@example.com,119
ea47b1f3-07c7-496a-9592-e082499b9e26,Michelle Munoz,poncecarolyn@example.net,77
af25d2da-d2e7-4596-9ce1-a00d59f2ed07,Amanda Ryan,hopkinsemily@example.net,110
31f8cd29-02a2-4411-9d66-1e45a9d04666,Steven Garcia,bob92@example.com,102
c641fe62-ee64-4595-acc3-fe4da2bf15df,Gina Woods,opoole@example.net,86
0fa1f7c1-7825-4b80-8d14-e65b4556331f,Jacqueline Morgan,aharris@example.net,112
33dda66c-c182-4aae-8d53-c563a2825b94,Emily Patterson,erikwilliams@example.org,23
a324caf7-9aa2-4a09-a19e-deef31a303fc,Aaron Garcia MD,parksmelanie@example.org,85
7153c98e-3c45-4ad7-b06f-f980478dece0,Candace Martin,gatkins@example.org,104
f9418d97-f1dc-4ef2-84b3-1b6194a39f7b,Brian Gonzalez,garciaanna@example.net,28
730879c5-80ce-4140-a474-43a66e654e02,Alexandra Boyle,sharon98@example.org,57
307b92cb-3d3a-42f3-8b32-f1a54511935d,Mrs. Laura Carr,joshua27@example.org,60
0cec8bfa-ffd1-4ff9-8f1a-a929f16d03f9,Mary Allen,dwells@example.net,41
80260f0d-e974-4e61-a420-28cd81e3db19,Alicia Garcia,pattersonedward@example.com,27
75e32239-e39a-4e3d-ae84-a962c64db390,Alicia Cole,nwade@example.com,106
00ae3702-a837-4e8c-814f-0ff35c30b402,Michelle Vasquez,christina00@example.org,93
701e0adb-6a0d-493d-b6fe-44f27cf8cfef,Jessica Steele,qgordon@example.org,23
4a61d7a7-09f4-474f-9595-9de3fedb68b8,Sandra Walton,kristine84@example.org,68
89b07d08-58d1-4a16-8a8b-065c12559824,Daniel Mayer,leslieweber@example.org,24
7194fa59-d6b7-4b6e-a0c3-828734406394,Robert Harper,nicholsjoshua@example.org,120
d7d07360-9161-48fb-90ce-15ba3029ce62,Jesse Robinson,wiseamy@example.net,33
6052add3-9744-444b-a8be-1d3fabd431f7,Sandra Lopez,jennifer64@example.org,35
9c39760a-7847-41b7-aac3-01fafcafd59a,Melissa Livingston,kylecasey@example.org,36
e6f0053e-6aa0-4ae7-ad1e-f5f8e9cff863,Kathryn Weiss,christophermalone@example.net,82
5f39f1f9-3b0a-4330-8979-9260becd80ee,Carlos Gonzalez,xgarcia@example.com,87
d87318ff-480f-422a-bee0-ee364f4011b5,Jason Lloyd,robinfletcher@example.net,67
c71abbc2-1cce-4e50-9026-daa222f43de9,Michelle Stephens,saraperez@example.com,99
1ee7bcea-9512-4142-bcef-c3dc736bb189,Patricia Dickson,uwilliams@example.org,58
6c361fd7-85f6-455e-8f62-302f1b708568,Alyssa Mckenzie,jfarmer@example.net,116
9e8430b4-af08-4128-b2ab-44ee9dab59f4,Roberto Berry,jeffreysmith@example.org,107
77fddfdc-21ac-4a05-9c03-55c9087b97a8,Jill Lawrence,adrian95@example.com,103
5136c1a9-27ab-435e-a5e8-fdb66cb57ae6,Kirk Santana,hernandezbrian@example.com,57
d58060a7-e784-44d5-84c0-7443f1ce7b26,Tammy Underwood,lindseylynch@example.net,58
37fcb3b9-6051-477d-bc5e-d210860a4d55,Ronald Franklin,patelemily@example.net,111
91616463-9f7b-4f4c-a7c2-9382b5441d1e,Dr. Dylan Carr,michaelpoole@example.org,71
aeb4dddb-ebff-4944-a016-951e6b2e6eb0,Anthony Johnson,meganhernandez@example.org,110
cdbd2e27-241e-4c6a-9782-2e90b22f9df8,Zachary Wright,salazarkara@example.net,37
fa19d2e7-cfdd-4cfc-a0b3-3e8c347775c6,Sara Daniel,kenneth68@example.net,116
06a08d7c-972f-430a-adc5-9e86faa245fc,John Adams,kirkbarbara@example.net,50
cd7c2925-0853-425a-8475-dc62762c0111,Eric Warren,joshua67@example.org,107
6510c223-d0ad-4d51-a8ac-3b2def8d2f4a,Craig Banks,joshuawatson@example.net,74
351ce6f5-c544-4847-bad6-6beabae03296,Michaela Livingston,iclark@example.com,61
986bd0a9-f229-4da0-968c-52d1bb66f3d1,Daniel Woods,collierandrew@example.org,104
376c06e5-f60a-4503-b989-bac3505535c7,Rachel Peck,usantos@example.net,30
54eaac91-89d2-4aa6-acaf-ff917d3ec41a,Edward Simpson,collinsdiana@example.com,65
09c59637-5fad-4569-a2b3-78d3a781a409,Bethany Fernandez,colejohn@example.org,93
7c7554fa-359d-42a3-9160-e7ad23dc428a,Andrew Rodriguez,tammy52@example.net,67
7f4b918b-eb3b-4ebc-8557-01182bb90764,Jason Hall,steven71@example.net,60
3f42b765-52f1-408c-b8f5-fa87c72d5582,Carlos Mccarthy,hornealexandria@example.com,48
1845ec31-32f8-45d7-ae43-85e263c5885e,Brian Schmidt,monica48@example.org,18
e281796a-25d2-4600-9803-60b9f501eca3,Jack Macias,nathancook@example.com,42
31e7e68b-38b6-48ca-bed6-38bb2b99492c,Kayla Nolan,yscott@example.com,28
e6343044-0ab8-4887-aec7-b957a11c7757,April Villa,jeremycastro@example.net,110
de821534-551f-4b59-b7c2-f58e85afd968,Robert Shepard,ethantucker@example.org,101
2af580e2-c1b2-4594-84ef-4f8d19d5733d,Stephen Hensley PhD,david33@example.org,37
e7b4ef97-1ebc-4cd7-896f-a34606a060d0,John Griffin,matthewtaylor@example.com,118
9152a87e-968a-4fbc-9514-df071d0efcc8,Kayla Farmer,nramirez@example.com,101
23b9cc7b-c8e8-42d1-8f30-8b2eb7349e20,Michael Lyons,ucole@example.org,96
e0b29ea1-15ad-44cb-94ea-6359db2ca847,Keith Garner,dray@example.com,97
94e3f476-eb3f-4c4c-9248-e48c35709aff,Carrie Smith,patricia10@example.com,60
7e419345-7301-4d05-8f08-fa2ee431b5e1,Michelle Boone,grayjillian@example.org,106
19667f40-aeb1-480b-98e8-1fd6f1128256,Rachel Martin,ycolon@example.com,75
624a47cd-4a71-43c8-af46-77c10d2a6bf5,Nancy Hess,mossjustin@example.net,32
94de4f8d-685d-4091-bdfa-1595d82cebf8,Eric Nichols,kayla69@example.com,116
2282d68e-844d-4685-8686-22721c23b68a,Jack Smith,derekscott@example.org,120
c4d687ec-5d4e-4f6a-8a37-cb3813ceaf69,Candice Peterson,michellecampos@example.net,23
a3400a8e-adb2-4d21-a84f-b268308043cb,Kayla Lee,lhuff@example.com,78
9ef58f3d-b203-46bf-bd59-99f8cb940350,Roberto Payne DDS,davidluna@example.com,97
e198adf3-950a-4e6f-a0da-7a8b2e325419,Denise Miller,dawnperez@example.net,41
e00593df-8193-4834-bc00-7bd287cc2ad9,Cody Burgess,anthonylopez@example.net,22
7f50dac9-1cb4-423c-9e99-4c7fd16234ed,Ricardo Collins,annette51@example.com,99
a9d2afed-a58b-46bc-b8e2-c5d074ac22a8,Benjamin Deleon,brianna61@example.net,33
07a41efe-afa3-4d75-a835-f89fba31fc15,Brittany Cunningham,andrewcastro@example.net,57
634e6da5-1471-4241-9f0b-ff70d8181c60,Earl Morris,gallagherjoe@example.net,60
6cbf81be-d317-4ce2-9ad6-04ba54e753e9,Scott Brown,joycelawrence@example.net,35
e0bc82f9-9024-4a09-a337-c8ed687c2760,Shirley Turner,nicole93@example.net,84
c4bdbe95-f993-444f-ae46-d56ddea1ac06,Stephanie Lewis,dillonwest@example.com,108
bc3dd8bb-f003-4b03-9af7-3f8e542f6736,Dennis Boyle,ranthony@example.com,55
9ad4e225-a261-41b8-a97d-77805d772004,Jessica Mercado,crystalsmith@example.net,72
650b1a43-1382-405e-a433-1a354889893b,Benjamin Anderson,timothyrichards@example.com,109
eb78625c-5b57-4729-bb1c-961522ae5b6e,Charles Shaw,mmiller@example.org,76
9797b3b6-02aa-4e0f-8ccd-eb9dc62604ce,Kimberly Murphy,bradleystafford@example.com,96
441f29c9-50d0-4ec1-8670-81824c7c1ede,Charles Cooley,gboyer@example.org,36
bfde253b-2ff6-407f-b588-78962db13490,Natalie Frost,irwinadam@example.net,32
b35227a3-abff-4341-9391-b094ad35d895,Mariah Lee,jeffrussell@example.com,28
00215082-47b4-4708-93fa-4e7c2bb6be57,Brandon Schneider,umartinez@example.org,27
27be6ad9-824a-49eb-bfd1-b8baf2d15fcf,Elizabeth Page PhD,danielbenton@example.com,39
0a005610-9da7-410f-b607-e422311a110b,Jeffery Lopez,claytonperry@example.com,93
84249143-b2d8-4921-8c24-f9c04b684bbc,Jordan Ryan,kathrynespinoza@example.org,20
f15987cf-dba1-4860-9d9b-7d65edbfabb3,Mr. Garrett Williams,linda45@example.com,33
559d2700-1b48-4806-b5d5-9cb6b52645b7,Jenna Smith,yolanda46@example.net,58
471e78b7-9343-4093-b1bf-3e3b7782e982,Eric Brown Jr.,davidjohnson@example.com,47
cabd6950-42db-4fc8-babe-bcf2a438a004,Joseph Noble,williamhamilton@example.com,110
83e79338-598e-4c2d-a106-1ea6af83cddf,Vincent Armstrong,rlewis@example.org,108
ab9a6775-bbf1-4fb3-ab6b-118d440d0d41,Patrick Parker,arthurgraham@example.com,87
a0b8fd5c-bc5f-4c2d-93d5-74fa33cb6c34,Carl Miller,riverabrent@example.net,26
67126d2a-cbbe-4fc0-8945-0009ae65d56e,Ashley Williams,nicholasvaughan@example.net,57
513333bc-f75f-4c6c-a94a-00aad46c3965,Brian Lawson,drakefrederick@example.net,74
aa7f4427-7c68-4b82-b874-95f550a5ce05,Earl Larson,rhondadixon@example.com,58
f75694b9-2a35-4291-901e-e190f1c0e539,Bryan Thomas,alejandrojohnson@example.org,33
42c2e9b4-7488-480d-9437-76d02edd6be6,Jerry Barrera,josephgregory@example.net,73
855d6045-8138-4b55-bc0c-ac5d82431a67,Elizabeth Wallace,zrodriguez@example.org,33
4a6d17a2-82ca-4020-8dec-fbe3ac7496a9,Robin Curtis,nicoledalton@example.org,82
576bdedf-ab35-40d3-9609-3b1cbfc45250,Alicia Russell,jenniferrivera@example.org,23
c17fab20-ed31-4621-81ac-149200152948,Stephanie Reynolds,joshua94@example.com,92
6fb6dd4d-3922-423f-ab23-c21cc542f831,Calvin Jones,stewartcathy@example.net,77
a29b4a62-72b3-443d-8ae7-7dbe656a5824,Vanessa Harris,kellyerika@example.com,102
0e6e720f-b498-416e-aa56-e9f31696c0ab,Whitney Burke,maria99@example.org,99
c6fa2af8-991e-45d4-a413-737b01dcf90e,Christopher Sandoval,pscott@example.net,28
644a0826-8522-414e-88ab-bf5e4693934c,Jessica Christensen,jimenezalexandra@example.com,119
c3b79cac-57b0-49ca-bb2a-e93c824c6635,Paul Leonard,connor56@example.com,110
6ba4c630-9b18-487b-9d48-66fb47a8bd11,Sandra Kirby,sheri00@example.org,97
0e9fcda2-2eef-4f8b-a0d2-50606c186403,Marcia Banks,perrycourtney@example.com,60
4f324f5d-d6f6-4617-a44d-ba83ee176118,Hannah Thomas,christopher54@example.net,54
5512dde7-bb76-4c89-82ed-5737282a3730,Jennifer Foster,hallsusan@example.com,98
e64fb9ba-2676-49d7-a309-befde38095b2,Rebecca Galvan,brandon35@example.com,102
4932e77c-5efd-445e-b08f-660f388de29c,Tiffany Hayes,hillshelley@example.org,47
b983edba-a5e5-4e4c-8c81-75de6d263b62,Brian Henry,robert59@example.net,41
6f0a8b75-308f-434c-8fc4-f07355322daa,Bruce Powell,kirkbrittany@example.com,84
f42beb98-d151-4fb0-a9cc-25081d31d6b2,Yesenia Padilla DDS,nathanielhull@example.com,40
8f4778ff-5265-4e2f-9071-c8186a3ce42a,Brett Chan,umorgan@example.org,103
5c266db8-3e3c-4ef3-b343-f45872aeade3,Ryan Hansen,stephenperkins@example.com,22
9dea4076-40ed-4311-9e7b-d2cc88ded75e,Adam Friedman,wmitchell@example.net,57
463d75e5-26a0-4030-a3bb-39612599f718,Stephanie Murphy,rileyfrank@example.com,74
eda920d8-3ed9-42af-8ef5-4b215e3375c8,Barbara Kim,csaunders@example.com,104
4d4dc96a-914d-4c55-a2f3-215103e20057,Courtney Anderson,pgriffin@example.com,107
e74d96b3-12c8-466f-b356-f74e194334f5,Samantha Collins,khayes@example.com,28
6f8efc19-66d9-4049-b938-e0340d9517d2,Victor Mckee,lalexander@example.com,100
efdbc8c7-b9a9-40fd-a992-be4de27b2113,Joshua Thomas,ranthony@example.com,39
6430e9a0-00e4-47f4-903e-8ab5cfe11f71,Gabriela Sanchez,xjackson@example.org,76
e208820b-7149-449f-a731-ab3b3c8bd556,Michael Rivera,bergdanny@example.com,53
467dae89-e783-494c-b100-d93ff134bb4a,Lauren Frederick,philipmarquez@example.org,52
afdf66d8-6cb9-4b53-b83c-50b738958a37,Tracy Hudson,mike86@example.com,55
04205950-4515-4bd1-af2c-b34a51ce8a07,Michael Roberts,allenandrew@example.org,60
5c9108fa-0d76-4a34-bd31-05e067eedcd0,Edwin Williams,horntaylor@example.com,112
a2c3f0e0-c66f-4588-9968-4f232736d509,David Ward,zhenderson@example.net,57
4f2ff7b7-32ef-454e-b0b5-5cd589e8e482,Karen Allen,elizabethmitchell@example.org,90
0fe07c76-913c-4ed3-98c6-3da3df6386f6,David Harrington,joshua51@example.org,43
01331185-09bc-47b1-ad3a-1eb970dd9aa9,Laura Stewart DVM,carrie76@example.org,39
5821caf1-4181-43b4-a954-20c2a6dad295,Michael Hall,stephanie00@example.org,43
156471dc-aae1-4a05-9bb1-c078b10fe799,Misty Williams,mdavis@example.net,63
cfd97aa2-756c-443f-8fd9-134b127c1b4c,Lynn Moore,rachelshaw@example.net,89
f84bfb25-7479-4d4f-93ff-3af3d26eacdd,Carol Cruz,morenochristine@example.com,90
ac6fc841-c6f5-49ba-9dd0-2d0927cd94e4,Terri Russell,jacksonlori@example.org,58
21bfd8c0-eb13-4017-b0c3-9f1682293b5b,Caitlin Jenkins,danielle66@example.com,44
867d385b-9384-48f4-8bcc-a5467431593d,Kevin Mason,jennifermiller@example.net,105
be91c935-28cb-4e30-b6ca-93b009dea285,Kelsey Nguyen,tonya94@example.net,85
e4dba13b-537f-4c51-b71f-92eda40469ed,Ronald Miles,pamelamanning@example.net,29
ba12481f-5ec2-4512-b80c-8ccdd86365ea,Kenneth Johnson,gscott@example.net,22
e58ab5f7-3fb2-43f2-ac07-fccf81358261,Carl Hall,xanderson@example.net,113
eba14aa7-b4d4-4ce7-a52f-41a8b916929b,Shannon Jones,thomasknight@example.org,84
10145b32-1eb3-4e31-8f7e-90ace2d0a0f5,Trevor Ford,stephenbrooks@example.org,32
808ad1b0-5925-49ba-a01e-e19bc558024b,Stephen Wade,mcculloughjeff@example.com,93
bfda67f9-658f-4f83-8a42-a0fc8fce65e1,Paul Hughes,gordonamanda@example.com,21
0757431f-3eb2-4e20-b929-c41d8243852b,Ann Rodriguez,paulclark@example.com,43
010ca6b2-bbff-4c71-a140-f6352058e600,Briana Hall,kevans@example.net,110
32fef7fc-d52b-4d73-baa7-76bd57236fdd,Michael Sanders,savannahsanchez@example.org,70
fdb3b91c-7656-4276-858a-2cd32bd00412,Sydney Sullivan,karen32@example.org,58
199ba3af-7998-4129-8d10-70c9b55a191a,Stephanie Jacobs,robertsmakayla@example.org,100
befa8792-a444-4c1d-8409-130121248f2f,Michele Hoffman,mikecantu@example.org,85
e9aecf8e-d50d-4b73-81ef-5b146057ee45,Christopher Leonard,jennifergeorge@example.com,34
d8f22eed-b943-44ba-8589-459f49480940,Ronald Harris,aclark@example.com,85
f5b4404a-f439-44b4-ad0b-3c79c3cb88c5,Debbie Williams,timothy07@example.org,107
f4effd2b-274f-4941-8f7f-da0d9971531b,Michael Gilbert,stephen01@example.org,93
17a3b653-92c1-4786-b745-2e0221d78205,Morgan Smith,nmejia@example.org,61
6c24ffd8-06aa-40ab-b147-7fc5f3ce124d,Robert Peters,jerrypetersen@example.com,80
d08b651d-7466-4d84-bbff-d4249128767d,Jessica Smith,kyleblack@example.org,80
fc528797-57c9-4577-a4e9-c201d23271fd,Jenna Thompson,millercorey@example.net,30
58e23b39-6ba3-4035-9603-d3de497a00a8,James Hill,vmills@example.net,59
51155ece-c8ab-4f52-bc9c-adfa26c12ccf,Mary Peterson,andrew00@example.com,62
b7e46c8a-cb76-4d26-aabf-0471b3aabe49,Keith Davies,johnrojas@example.org,83
8ef92601-09cd-46d9-878a-597c23e20429,Lisa Montoya,iguerra@example.org,52
61a5c228-8c72-4932-8de6-bb4c788a7f39,Melody Guerrero,christophercole@example.com,101
6bdd1c19-9670-40ae-a07b-3c64fd9be3c4,Craig Park,sextonjonathan@example.org,91
8718a44f-127a-42ee-9ff9-b0505f2f88c9,David Howard,burtontamara@example.com,59
46116ecd-d08d-4e38-b546-acc1ca21ee16,James Roberson,aliciatorres@example.net,80
7ece87af-af7a-4581-a6b0-665957713b03,Shelby Williams,michelle52@example.net,113
2f784d68-31b1-400b-a28c-7b581313c362,Sonya Torres,bsanchez@example.org,116
05e2a1ad-06ae-4c5e-9453-3360c5106efd,Carrie Charles,chloe40@example.net,62
f33860e6-b19e-427b-9282-e3be83d320ec,Jacob Cooper,jane93@example.net,113
f205da2d-0f1e-4646-8718-48f6b2a71a67,Cynthia Smith,lesliemeyer@example.org,97
beb262aa-4c44-4bc2-a3e6-c48b3d39ae8d,David Hensley,icooper@example.com,59
10cdb432-4b9b-4633-a8d4-1e827aa1889d,Jeffrey Carter,deborahgraves@example.com,28
08c80982-94ce-42b7-a4be-ae045a47ba83,Joe Cline,fgardner@example.com,45
f0a44a84-e45e-472a-a110-fd245c16ded3,Derrick Dunn,william02@example.com,79
fd0a2651-934b-4ffb-9d77-b97b807132c2,David Beck,brent95@example.net,90
49d4970d-9f78-4828-920e-5db1efa7ac8a,Debra Flores,shepardkaylee@example.net,18
9084bedc-6892-4139-bf15-bf4b8896f635,Jasmine Murray,icarter@example.com,21
d6374588-2de0-4240-83ff-1a85fe7f01ff,Jay Hopkins,rhodescharles@example.net,34
c996cac4-e10d-4425-8f93-ec5021c1915d,Brian Garcia,sierrameza@example.com,28
8c461e1a-2850-4895-963f-5e83da6dca65,Mary Casey,kimberly38@example.org,53
5db98b62-c528-49a7-9db9-32e0c4475360,Angela Santana,lyoung@example.com,115
355d9ff3-aa61-4d8b-b266-d5d70ae23ce8,Ryan Beck,andrewbanks@example.com,117
0886c8e0-3447-42d8-96d5-881d0d60e43f,Lisa Rose,chelsea36@example.net,35
ecbfea7b-d4a6-4d95-bad7-11a3969cea8f,Paige Romero,tylerclark@example.com,78
11d3988a-02f3-46a5-b1e8-13b899304607,Jennifer Thompson,fitzpatrickmichelle@example.com,51
c97b93c2-68f1-4371-b4ce-65e8adda3664,Mrs. Mary Johnson,margaret76@example.net,99
db012252-4650-4fd4-879f-59a90bc8297f,Penny Harris,woodpamela@example.com,85
1e6a872e-5145-4628-b50d-fe05c9fa25ff,Samantha Murphy,danielchristopher@example.com,69
f359e9f6-d66e-4403-a6b2-2982f6a5b76d,Shannon Richards,qwagner@example.com,38
8fb131aa-df19-47d6-a691-60ea46c359b6,Ashley Kennedy,michelle47@example.org,72
22f3ee5a-921e-4cdc-be77-084c5e379146,Kristen Kelley,toddanderson@example.com,89
e3488573-545d-47d2-942b-763e6ebe0e07,Heather Sutton,clarkcameron@example.com,66
1170ad41-c609-4175-b4b7-5d4fe68128fd,Mr. Jamie Garza MD,josepark@example.net,39
af3b85a3-08c7-4746-919b-83768efd2c5e,Julia Ochoa,madeline93@example.net,99
b5b5355b-7183-41f0-bdae-777e65b24d93,Erica Carpenter,zrose@example.com,55
90529875-6770-4406-b83f-2dc39a2c8610,Justin Horn,paul12@example.com,79
95e965a0-1b01-4e14-8985-c6db1b804757,Philip Figueroa,pettymarisa@example.net,62
e1305ab4-dfb9-495c-af7c-747338fab5e1,Ronald Black,jwalker@example.com,78
